Date;RPM;Temperatura;Potencia
2024-10-16T18:31:48.459Z;0;20.6;0
2024-10-16T18:31:49.458Z;0;20.5;0
2024-10-16T18:31:50.456Z;0;20.5;0
2024-10-16T18:31:51.457Z;0;20.6;0
2024-10-16T18:31:52.456Z;0;20.5;0
2024-10-16T18:31:53.458Z;0;20.5;0
2024-10-16T18:31:54.455Z;0;20.5;0
2024-10-16T18:31:55.456Z;0;20.4;0
2024-10-16T18:31:56.456Z;0;20.4;0
2024-10-16T18:31:57.456Z;0;20.4;0
2024-10-16T18:31:58.456Z;0;20.4;0
2024-10-16T18:31:59.455Z;0;20.5;0
2024-10-16T18:32:00.456Z;0;20.5;0
2024-10-16T18:32:01.456Z;0;20.5;0
2024-10-16T18:32:02.456Z;0;20.6;0
2024-10-16T18:32:03.455Z;0;20.6;0
2024-10-16T18:32:04.465Z;0;20.5;0
2024-10-16T18:32:05.456Z;0;20.6;0
2024-10-16T18:32:06.455Z;0;20.6;0
2024-10-16T18:32:07.455Z;0;20.6;0
2024-10-16T18:32:08.455Z;0;20.6;0
2024-10-16T18:32:09.458Z;0;20.5;0
2024-10-16T18:32:10.456Z;0;20.5;0
2024-10-16T18:32:11.454Z;0;20.5;0
2024-10-16T18:32:12.457Z;0;20.3;0
2024-10-16T18:32:13.454Z;0;20.3;0
2024-10-16T18:32:14.454Z;0;20.4;0
2024-10-16T18:32:15.455Z;0;20.4;0
2024-10-16T18:32:16.462Z;0;20.3;0
2024-10-16T18:32:17.455Z;0;20.3;0
2024-10-16T18:32:18.455Z;0;20.3;0
2024-10-16T18:32:19.452Z;0;20.3;0
2024-10-16T18:32:20.454Z;0;20.2;0
2024-10-16T18:32:21.455Z;0;20.2;0
2024-10-16T18:32:22.454Z;0;20.3;0
2024-10-16T18:32:23.455Z;0;20.5;0
2024-10-16T18:32:24.453Z;0;20.5;0
2024-10-16T18:32:25.454Z;0;20.5;0
2024-10-16T18:32:26.456Z;0;20.6;0
2024-10-16T18:32:27.454Z;0;20.6;0
2024-10-16T18:32:28.454Z;0;20.6;0
2024-10-16T18:32:29.453Z;0;20.6;0
2024-10-16T18:32:30.455Z;0;20.6;0
2024-10-16T18:32:31.453Z;0;20.6;0
2024-10-16T18:32:32.453Z;0;20.6;0
2024-10-16T18:32:33.453Z;0;20.5;0
2024-10-16T18:32:34.451Z;0;20.5;0
2024-10-16T18:32:35.452Z;0;20.4;0
2024-10-16T18:32:36.452Z;0;20.5;0
2024-10-16T18:32:37.455Z;0;20.4;0
2024-10-16T18:32:38.457Z;0;20.4;0
2024-10-16T18:32:39.452Z;0;20.5;0
2024-10-16T18:32:40.452Z;0;20.5;0
2024-10-16T18:32:41.456Z;0;20.6;0
2024-10-16T18:32:42.453Z;0;20.6;0
2024-10-16T18:32:43.452Z;0;20.5;0
2024-10-16T18:32:44.453Z;0;20.5;0
2024-10-16T18:32:45.456Z;0;20.5;0
2024-10-16T18:32:46.459Z;0;20.6;0
2024-10-16T18:32:47.456Z;0;20.6;0
2024-10-16T18:32:48.454Z;0;20.6;0
2024-10-16T18:32:49.456Z;0;20.5;0
2024-10-16T18:32:50.456Z;0;20.5;0
2024-10-16T18:32:51.455Z;0;20.5;0
2024-10-16T18:32:52.455Z;0;20.5;0
2024-10-16T18:32:53.453Z;0;20.5;0
2024-10-16T18:32:54.452Z;0;20.5;0
2024-10-16T18:32:55.454Z;0;20.4;0
2024-10-16T18:32:56.451Z;0;20.4;0
2024-10-16T18:32:57.458Z;0;20.4;0
2024-10-16T18:32:58.455Z;0;20.4;0
2024-10-16T18:32:59.458Z;0;20.4;0
2024-10-16T18:33:00.452Z;0;20.5;0
2024-10-16T18:33:01.456Z;0;20.5;0
2024-10-16T18:33:02.451Z;0;20.4;0
2024-10-16T18:33:03.449Z;0;20.3;0
2024-10-16T18:33:04.450Z;0;20.3;0
2024-10-16T18:33:05.457Z;0;20.4;0
2024-10-16T18:33:06.458Z;0;20.4;0
2024-10-16T18:33:07.453Z;0;20.4;0
2024-10-16T18:33:08.454Z;0;20.4;0
2024-10-16T18:33:09.454Z;0;20.4;0
2024-10-16T18:33:10.453Z;0;20.3;0
2024-10-16T18:33:11.455Z;0;20.4;0
2024-10-16T18:33:12.453Z;0;20.5;0
2024-10-16T18:33:13.455Z;0;20.5;0
2024-10-16T18:33:14.461Z;0;20.4;0
2024-10-16T18:33:15.450Z;0;20.5;0
2024-10-16T18:33:16.454Z;0;20.5;0
2024-10-16T18:33:17.455Z;0;20.5;0
2024-10-16T18:33:18.453Z;0;20.5;0
2024-10-16T18:33:19.452Z;0;20.6;0
2024-10-16T18:33:20.453Z;0;20.6;0
2024-10-16T18:33:21.454Z;0;20.5;0
2024-10-16T18:33:22.455Z;0;20.4;0
2024-10-16T18:33:23.453Z;0;20.4;0
2024-10-16T18:33:24.455Z;0;20.5;0
2024-10-16T18:33:25.453Z;0;20.5;0
2024-10-16T18:33:26.453Z;0;20.6;0
2024-10-16T18:33:27.453Z;0;20.6;0
2024-10-16T18:33:28.452Z;0;20.6;0
2024-10-16T18:33:29.453Z;0;20.5;0
2024-10-16T18:33:30.452Z;0;20.5;0
2024-10-16T18:33:31.455Z;0;20.4;0
2024-10-16T18:33:32.454Z;0;20.5;0
2024-10-16T18:33:33.454Z;0;20.5;0
2024-10-16T18:33:34.452Z;0;20.6;0
2024-10-16T18:33:35.452Z;0;20.6;0
2024-10-16T18:33:36.453Z;0;20.5;0
2024-10-16T18:33:37.455Z;0;20.6;0
2024-10-16T18:33:38.453Z;0;20.6;0
2024-10-16T18:33:39.454Z;0;20.6;0
2024-10-16T18:33:40.451Z;0;20.6;0
2024-10-16T18:33:41.454Z;0;20.7;0
2024-10-16T18:33:42.452Z;0;20.7;0
2024-10-16T18:33:43.453Z;0;20.7;0
2024-10-16T18:33:44.454Z;0;20.6;0
2024-10-16T18:33:45.447Z;0;20.6;0
2024-10-16T18:33:46.449Z;0;20.7;0
2024-10-16T18:33:47.448Z;0;20.6;0
2024-10-16T18:33:48.448Z;0;20.6;0
2024-10-16T18:33:49.450Z;0;20.6;0
2024-10-16T18:33:50.448Z;0;20.6;0
2024-10-16T18:33:51.448Z;0;20.6;0
2024-10-16T18:33:52.448Z;0;20.6;0
2024-10-16T18:33:53.448Z;0;20.5;0
2024-10-16T18:33:54.447Z;0;20.5;0
2024-10-16T18:33:55.447Z;0;20.5;0
2024-10-16T18:33:56.448Z;0;20.5;0
2024-10-16T18:33:57.448Z;0;20.5;0
2024-10-16T18:33:58.447Z;0;20.5;0
2024-10-16T18:33:59.447Z;0;20.5;0
2024-10-16T18:34:00.446Z;0;20.5;0
2024-10-16T18:34:01.448Z;0;20.6;0
2024-10-16T18:34:02.447Z;0;20.7;0
2024-10-16T18:34:03.445Z;0;20.7;0
2024-10-16T18:34:04.448Z;0;20.7;0
2024-10-16T18:34:05.447Z;0;20.7;0
2024-10-16T18:34:06.447Z;0;20.7;0
2024-10-16T18:34:07.446Z;0;20.7;0
2024-10-16T18:34:08.445Z;0;20.7;0
2024-10-16T18:34:09.447Z;0;20.8;0
2024-10-16T18:34:10.447Z;0;20.8;0
2024-10-16T18:34:11.447Z;0;20.8;0
2024-10-16T18:34:12.447Z;0;20.7;0
2024-10-16T18:34:13.444Z;0;20.6;0
2024-10-16T18:34:14.442Z;0;20.6;0
2024-10-16T18:34:15.448Z;0;20.6;0
2024-10-16T18:34:16.446Z;0;20.6;0
2024-10-16T18:34:17.446Z;0;20.6;0
2024-10-16T18:34:18.443Z;0;20.6;0
2024-10-16T18:34:19.446Z;0;20.6;0
2024-10-16T18:34:20.443Z;0;20.7;0
2024-10-16T18:34:21.447Z;0;20.6;0
2024-10-16T18:34:22.451Z;0;20.6;0
2024-10-16T18:34:23.450Z;0;20.6;0
2024-10-16T18:34:24.454Z;0;20.7;0
2024-10-16T18:34:25.457Z;0;20.7;0
2024-10-16T18:34:26.448Z;0;20.7;0
2024-10-16T18:34:27.446Z;0;20.7;0
2024-10-16T18:34:28.442Z;0;20.7;0
2024-10-16T18:34:29.447Z;0;20.7;0
2024-10-16T18:34:30.448Z;0;20.6;0
2024-10-16T18:34:31.451Z;0;20.6;0
2024-10-16T18:34:32.444Z;0;20.7;0
2024-10-16T18:34:33.441Z;0;20.7;0
2024-10-16T18:34:34.447Z;0;20.6;0
2024-10-16T18:34:35.446Z;0;20.6;0
2024-10-16T18:34:36.445Z;0;20.6;0
2024-10-16T18:34:37.445Z;0;20.6;0
2024-10-16T18:34:38.447Z;0;20.5;0
2024-10-16T18:34:39.444Z;0;20.5;0
2024-10-16T18:34:40.446Z;0;20.5;0
2024-10-16T18:34:41.444Z;0;20.5;0
2024-10-16T18:34:42.446Z;0;20.5;0
2024-10-16T18:34:43.444Z;0;20.5;0
2024-10-16T18:34:44.445Z;0;20.5;0
2024-10-16T18:34:45.447Z;0;20.4;0
2024-10-16T18:34:46.446Z;0;20.4;0
2024-10-16T18:34:47.454Z;0;20.4;0
2024-10-16T18:34:48.454Z;0;20.5;0
2024-10-16T18:34:49.454Z;0;20.5;0
2024-10-16T18:34:50.453Z;0;20.5;0
2024-10-16T18:34:51.454Z;0;20.4;0
2024-10-16T18:34:52.450Z;0;20.5;0
2024-10-16T18:34:53.449Z;0;20.4;0
2024-10-16T18:34:54.454Z;0;20.4;0
2024-10-16T18:34:55.453Z;0;20.5;0
2024-10-16T18:34:56.454Z;0;20.5;0
2024-10-16T18:34:57.454Z;0;20.5;0
2024-10-16T18:34:58.453Z;0;20.5;0
2024-10-16T18:34:59.452Z;0;20.5;0
2024-10-16T18:35:00.453Z;0;20.5;0
2024-10-16T18:35:01.454Z;0;20.5;0
2024-10-16T18:35:02.455Z;0;20.5;0
2024-10-16T18:35:03.451Z;0;20.6;0
2024-10-16T18:35:04.454Z;0;20.5;0
2024-10-16T18:35:05.453Z;0;20.5;0
2024-10-16T18:35:06.457Z;0;20.5;0
2024-10-16T18:35:07.453Z;0;20.5;0
2024-10-16T18:35:08.454Z;0;20.5;0
2024-10-16T18:35:09.452Z;0;20.6;0
2024-10-16T18:35:10.454Z;0;20.6;0
2024-10-16T18:35:11.457Z;0;20.6;0
2024-10-16T18:35:12.453Z;0;20.6;0
2024-10-16T18:35:13.452Z;0;20.7;0
2024-10-16T18:35:14.455Z;0;20.7;0
2024-10-16T18:35:15.455Z;0;20.7;0
2024-10-16T18:35:16.453Z;0;20.8;0
2024-10-16T18:35:17.452Z;0;20.8;0
2024-10-16T18:35:18.452Z;0;20.8;0
2024-10-16T18:35:19.454Z;0;20.7;0
2024-10-16T18:35:20.453Z;0;20.7;0
2024-10-16T18:35:21.452Z;0;20.7;0
2024-10-16T18:35:22.453Z;0;20.6;0
2024-10-16T18:35:23.458Z;0;20.6;0
2024-10-16T18:35:24.453Z;0;20.5;0
2024-10-16T18:35:25.452Z;0;20.5;0
2024-10-16T18:35:26.453Z;0;20.5;0
2024-10-16T18:35:27.455Z;0;20.5;0
2024-10-16T18:35:28.452Z;0;20.5;0
2024-10-16T18:35:29.451Z;0;20.4;0
2024-10-16T18:35:30.452Z;0;20.5;0
2024-10-16T18:35:31.453Z;0;20.5;0
2024-10-16T18:35:32.450Z;0;20.5;0
2024-10-16T18:35:33.454Z;0;20.5;0
2024-10-16T18:35:34.452Z;0;20.6;0
2024-10-16T18:35:35.454Z;0;20.6;0
2024-10-16T18:35:36.455Z;0;20.6;0
2024-10-16T18:35:37.451Z;0;20.7;0
2024-10-16T18:35:38.452Z;0;20.7;0
2024-10-16T18:35:39.452Z;0;20.7;0
2024-10-16T18:35:40.452Z;0;20.7;0
2024-10-16T18:35:41.451Z;0;20.6;0
2024-10-16T18:35:42.453Z;0;20.6;0
2024-10-16T18:35:43.452Z;0;20.5;0
2024-10-16T18:35:44.454Z;0;20.6;0
2024-10-16T18:35:45.451Z;0;20.5;0
2024-10-16T18:35:46.455Z;0;20.4;0
2024-10-16T18:35:47.437Z;0;20.3;0
2024-10-16T18:35:48.436Z;0;20.3;0
2024-10-16T18:35:49.436Z;0;20.3;0
2024-10-16T18:35:50.434Z;0;20.3;0
2024-10-16T18:35:51.437Z;0;20.3;0
2024-10-16T18:35:52.435Z;0;20.4;0
2024-10-16T18:35:53.436Z;0;20.4;0
2024-10-16T18:35:54.435Z;0;20.4;0
2024-10-16T18:35:55.436Z;0;20.5;0
2024-10-16T18:35:56.435Z;0;20.5;0
2024-10-16T18:35:57.437Z;0;20.6;0
2024-10-16T18:35:58.435Z;0;20.6;0
2024-10-16T18:35:59.435Z;0;20.6;0
2024-10-16T18:36:00.434Z;0;20.6;0
2024-10-16T18:36:01.437Z;0;20.5;0
2024-10-16T18:36:02.434Z;0;20.5;0
2024-10-16T18:36:03.435Z;0;20.5;0
2024-10-16T18:36:04.430Z;0;20.5;0
2024-10-16T18:36:05.436Z;0;20.5;0
2024-10-16T18:36:06.436Z;0;20.5;0
2024-10-16T18:36:07.430Z;0;20.5;0
2024-10-16T18:36:08.429Z;0;20.5;0
2024-10-16T18:36:09.435Z;0;20.6;0
2024-10-16T18:36:10.435Z;0;20.5;0
2024-10-16T18:36:11.434Z;0;20.5;0
2024-10-16T18:36:12.435Z;0;20.6;0
2024-10-16T18:36:13.434Z;0;20.6;0
2024-10-16T18:36:14.434Z;0;20.6;0
2024-10-16T18:36:15.433Z;0;20.6;0
2024-10-16T18:36:16.437Z;0;20.6;0
2024-10-16T18:36:17.435Z;0;20.6;0
2024-10-16T18:36:18.443Z;0;20.6;0
2024-10-16T18:36:19.430Z;0;20.5;0
2024-10-16T18:36:20.431Z;0;20.5;0
2024-10-16T18:36:21.438Z;0;20.6;0
2024-10-16T18:36:22.431Z;0;20.5;0
2024-10-16T18:36:23.435Z;0;20.5;0
2024-10-16T18:36:24.435Z;0;20.5;0
2024-10-16T18:36:25.436Z;0;20.6;0
2024-10-16T18:36:26.432Z;0;20.5;0
2024-10-16T18:36:27.433Z;0;20.5;0
2024-10-16T18:36:28.441Z;0;20.5;0
2024-10-16T18:36:29.434Z;0;20.5;0
2024-10-16T18:36:30.436Z;0;20.5;0
2024-10-16T18:36:31.439Z;0;20.5;0
2024-10-16T18:36:32.432Z;0;20.6;0
2024-10-16T18:36:33.433Z;0;20.6;0
2024-10-16T18:36:34.433Z;0;20.6;0
2024-10-16T18:36:35.432Z;0;20.6;0
2024-10-16T18:36:36.433Z;0;20.6;0
2024-10-16T18:36:37.434Z;0;20.6;0
2024-10-16T18:36:38.442Z;0;20.6;0
2024-10-16T18:36:39.434Z;0;20.7;0
2024-10-16T18:36:40.431Z;0;20.6;0
2024-10-16T18:36:41.431Z;0;20.6;0
2024-10-16T18:36:42.434Z;0;20.6;0
2024-10-16T18:36:43.430Z;0;20.5;0
2024-10-16T18:36:44.433Z;0;20.5;0
2024-10-16T18:36:45.433Z;0;20.5;0
2024-10-16T18:36:46.433Z;0;20.6;0
2024-10-16T18:36:47.446Z;0;20.6;0
2024-10-16T18:36:48.450Z;0;20.6;0
2024-10-16T18:36:49.446Z;0;20.5;0
2024-10-16T18:36:50.448Z;0;20.6;0
2024-10-16T18:36:51.448Z;0;20.5;0
2024-10-16T18:36:52.446Z;0;20.5;0
2024-10-16T18:36:53.447Z;0;20.4;0
2024-10-16T18:36:54.445Z;0;20.4;0
2024-10-16T18:36:55.445Z;0;20.4;0
2024-10-16T18:36:56.445Z;0;20.3;0
2024-10-16T18:36:57.446Z;0;20.3;0
2024-10-16T18:36:58.449Z;0;20.3;0
2024-10-16T18:36:59.446Z;0;20.3;0
2024-10-16T18:37:00.446Z;0;20.3;0
2024-10-16T18:37:01.446Z;0;20.3;0
2024-10-16T18:37:02.451Z;0;20.3;0
2024-10-16T18:37:03.446Z;0;20.4;0
2024-10-16T18:37:04.446Z;0;20.3;0
2024-10-16T18:37:05.448Z;0;20.4;0
2024-10-16T18:37:06.445Z;0;20.4;0
2024-10-16T18:37:07.446Z;0;20.3;0
2024-10-16T18:37:08.444Z;0;20.3;0
2024-10-16T18:37:09.446Z;0;20.3;0
2024-10-16T18:37:10.445Z;0;20.2;0
2024-10-16T18:37:11.446Z;0;20.2;0
2024-10-16T18:37:12.444Z;0;20.2;0
2024-10-16T18:37:13.444Z;0;20.2;0
2024-10-16T18:37:14.443Z;0;20.2;0
2024-10-16T18:37:15.440Z;0;20.2;0
2024-10-16T18:37:16.447Z;0;20.2;0
2024-10-16T18:37:17.444Z;0;20.2;0
2024-10-16T18:37:18.446Z;0;20.3;0
2024-10-16T18:37:19.444Z;0;20.3;0
2024-10-16T18:37:20.444Z;0;20.4;0
2024-10-16T18:37:21.445Z;0;20.4;0
2024-10-16T18:37:22.441Z;0;20.4;0
2024-10-16T18:37:23.446Z;0;20.6;0
2024-10-16T18:37:24.444Z;0;20.6;0
2024-10-16T18:37:25.444Z;0;20.6;0
2024-10-16T18:37:26.441Z;0;20.6;0
2024-10-16T18:37:27.445Z;0;20.6;0
2024-10-16T18:37:28.443Z;0;20.6;0
2024-10-16T18:37:29.445Z;0;20.6;0
2024-10-16T18:37:30.441Z;0;20.6;0
2024-10-16T18:37:31.444Z;0;20.6;0
2024-10-16T18:37:32.443Z;0;20.6;0
2024-10-16T18:37:33.446Z;0;20.4;0
2024-10-16T18:37:34.444Z;0;20.5;0
2024-10-16T18:37:35.444Z;0;20.4;0
2024-10-16T18:37:36.445Z;0;20.4;0
2024-10-16T18:37:37.444Z;0;20.2;0
2024-10-16T18:37:38.444Z;0;20.2;0
2024-10-16T18:37:39.446Z;0;20.3;0
2024-10-16T18:37:40.443Z;0;20.3;0
2024-10-16T18:37:41.444Z;0;20.3;0
2024-10-16T18:37:42.443Z;0;20.3;0
2024-10-16T18:37:43.446Z;0;20.2;0
2024-10-16T18:37:44.445Z;0;20.2;0
2024-10-16T18:37:45.444Z;0;20.3;0
2024-10-16T18:37:46.443Z;0;20.3;0
2024-10-16T18:37:47.445Z;0;20.4;0
2024-10-16T18:37:48.436Z;0;20.5;0
2024-10-16T18:37:49.430Z;0;20.4;0
2024-10-16T18:37:50.431Z;0;20.4;0
2024-10-16T18:37:51.431Z;0;20.4;0
2024-10-16T18:37:52.426Z;0;20.3;0
2024-10-16T18:37:53.429Z;0;20.4;0
2024-10-16T18:37:54.430Z;0;20.4;0
2024-10-16T18:37:55.433Z;0;20.3;0
2024-10-16T18:37:56.431Z;0;20.4;0
2024-10-16T18:37:57.430Z;0;20.4;0
2024-10-16T18:37:58.430Z;0;20.3;0
2024-10-16T18:37:59.433Z;0;20.3;0
2024-10-16T18:38:00.428Z;0;20.3;0
2024-10-16T18:38:01.430Z;0;20.3;0
2024-10-16T18:38:02.429Z;0;20.3;0
2024-10-16T18:38:03.429Z;0;20.3;0
2024-10-16T18:38:04.429Z;0;20.3;0
2024-10-16T18:38:05.429Z;0;20.3;0
2024-10-16T18:38:06.430Z;0;20.1;0
2024-10-16T18:38:07.429Z;0;20.1;0
2024-10-16T18:38:08.428Z;0;20.1;0
2024-10-16T18:38:09.428Z;0;20.1;0
2024-10-16T18:38:10.430Z;0;20.2;0
2024-10-16T18:38:11.428Z;0;20.2;0
2024-10-16T18:38:12.429Z;0;20.2;0
2024-10-16T18:38:13.432Z;0;20.2;0
2024-10-16T18:38:14.430Z;0;20.3;0
2024-10-16T18:38:15.429Z;0;20.3;0
2024-10-16T18:38:16.429Z;0;20.4;0
2024-10-16T18:38:17.428Z;0;20.4;0
2024-10-16T18:38:18.429Z;0;20.4;0
2024-10-16T18:38:19.429Z;0;20.4;0
2024-10-16T18:38:20.429Z;0;20.4;0
2024-10-16T18:38:21.429Z;0;20.4;0
2024-10-16T18:38:22.430Z;0;20.4;0
2024-10-16T18:38:23.428Z;0;20.2;0
2024-10-16T18:38:24.429Z;0;20.2;0
2024-10-16T18:38:25.430Z;0;20.2;0
2024-10-16T18:38:26.430Z;0;20.2;0
2024-10-16T18:38:27.428Z;0;20.2;0
2024-10-16T18:38:28.428Z;0;20.2;0
2024-10-16T18:38:29.430Z;0;20.2;0
2024-10-16T18:38:30.428Z;0;20.2;0
2024-10-16T18:38:31.429Z;0;20.2;0
2024-10-16T18:38:32.429Z;0;20.2;0
2024-10-16T18:38:33.431Z;0;20.4;0
2024-10-16T18:38:34.428Z;0;20.4;0
2024-10-16T18:38:35.428Z;0;20.4;0
2024-10-16T18:38:36.434Z;0;20.4;0
2024-10-16T18:38:37.429Z;0;20.4;0
2024-10-16T18:38:38.428Z;0;20.4;0
2024-10-16T18:38:39.428Z;0;20.3;0
2024-10-16T18:38:40.429Z;0;20.3;0
2024-10-16T18:38:41.426Z;0;20.3;0
2024-10-16T18:38:42.429Z;0;20.2;0
2024-10-16T18:38:43.427Z;0;20.2;0
2024-10-16T18:38:44.422Z;0;20.1;0
2024-10-16T18:38:45.427Z;0;20.1;0
2024-10-16T18:38:46.428Z;0;20.1;0
2024-10-16T18:38:47.428Z;0;20.1;0
2024-10-16T18:38:48.428Z;0;20.1;0
2024-10-16T18:38:49.427Z;0;20.1;0
2024-10-16T18:38:50.427Z;0;20.1;0
2024-10-16T18:38:51.429Z;0;20.2;0
2024-10-16T18:38:52.427Z;0;20.2;0
2024-10-16T18:38:53.425Z;0;20.1;0
2024-10-16T18:38:54.429Z;0;20.2;0
2024-10-16T18:38:55.427Z;0;20.2;0
2024-10-16T18:38:56.426Z;0;20.2;0
2024-10-16T18:38:57.425Z;0;20.2;0
2024-10-16T18:38:58.428Z;0;20.2;0
2024-10-16T18:38:59.426Z;0;20.2;0
2024-10-16T18:39:00.426Z;0;20.2;0
2024-10-16T18:39:01.425Z;0;20.2;0
2024-10-16T18:39:02.425Z;0;20.1;0
2024-10-16T18:39:03.426Z;0;20.1;0
2024-10-16T18:39:04.428Z;0;20.1;0
2024-10-16T18:39:05.426Z;0;20.1;0
2024-10-16T18:39:06.424Z;0;20.1;0
2024-10-16T18:39:07.422Z;0;20.2;0
2024-10-16T18:39:08.426Z;0;20.1;0
2024-10-16T18:39:09.425Z;0;20.1;0
2024-10-16T18:39:10.427Z;0;20.1;0
2024-10-16T18:39:11.427Z;0;20.2;0
2024-10-16T18:39:12.425Z;0;20.3;0
2024-10-16T18:39:13.421Z;0;20.3;0
2024-10-16T18:39:14.427Z;0;20.3;0
2024-10-16T18:39:15.424Z;0;20.3;0
2024-10-16T18:39:16.424Z;0;20.2;0
2024-10-16T18:39:17.424Z;0;20.2;0
2024-10-16T18:39:18.424Z;0;20.3;0
2024-10-16T18:39:19.420Z;0;20.3;0
2024-10-16T18:39:20.424Z;0;20.3;0
2024-10-16T18:39:21.428Z;0;20.2;0
2024-10-16T18:39:22.425Z;0;20.2;0
2024-10-16T18:39:23.423Z;0;20.2;0
2024-10-16T18:39:24.427Z;0;20.1;0
2024-10-16T18:39:25.420Z;0;20.2;0
2024-10-16T18:39:26.424Z;0;20.3;0
2024-10-16T18:39:27.424Z;0;20.2;0
2024-10-16T18:39:28.423Z;0;20.2;0
2024-10-16T18:39:29.419Z;0;20.2;0
2024-10-16T18:39:30.423Z;0;20.2;0
2024-10-16T18:39:31.418Z;0;20.2;0
2024-10-16T18:39:32.424Z;0;20.2;0
2024-10-16T18:39:33.423Z;0;20.2;0
2024-10-16T18:39:34.424Z;0;20.2;0
2024-10-16T18:39:35.418Z;0;20.1;0
2024-10-16T18:39:36.423Z;0;20;0
2024-10-16T18:39:37.424Z;0;20.1;0
2024-10-16T18:39:38.426Z;0;20.1;0
2024-10-16T18:39:39.424Z;0;20;0
2024-10-16T18:39:40.424Z;0;19.9;0
2024-10-16T18:39:41.423Z;0;20;0
2024-10-16T18:39:42.426Z;0;20;0
2024-10-16T18:39:43.417Z;0;20;0
2024-10-16T18:39:44.423Z;0;19.9;0
2024-10-16T18:39:45.424Z;0;20;0
2024-10-16T18:39:46.425Z;0;20;0
2024-10-16T18:39:47.422Z;0;20;0
2024-10-16T18:39:48.419Z;0;20;0
2024-10-16T18:39:49.437Z;0;20;0
2024-10-16T18:39:50.437Z;0;20;0
2024-10-16T18:39:51.439Z;0;20;0
2024-10-16T18:39:52.434Z;0;20;0
2024-10-16T18:39:53.436Z;0;20;0
2024-10-16T18:39:54.436Z;0;20;0
2024-10-16T18:39:55.436Z;0;19.9;0
2024-10-16T18:39:56.443Z;0;19.9;0
2024-10-16T18:39:57.436Z;0;19.9;0
2024-10-16T18:39:58.438Z;0;19.8;0
2024-10-16T18:39:59.439Z;0;19.9;0
2024-10-16T18:40:00.436Z;0;19.9;0
2024-10-16T18:40:01.435Z;0;19.9;0
2024-10-16T18:40:02.435Z;0;19.9;0
2024-10-16T18:40:03.439Z;0;20;0
2024-10-16T18:40:04.436Z;0;20;0
2024-10-16T18:40:05.435Z;0;20.1;0
2024-10-16T18:40:06.436Z;0;20.1;0
2024-10-16T18:40:07.437Z;0;20.1;0
2024-10-16T18:40:08.436Z;0;20.2;0
2024-10-16T18:40:09.435Z;0;20.2;0
2024-10-16T18:40:10.443Z;0;20.2;0
2024-10-16T18:40:11.436Z;0;20.2;0
2024-10-16T18:40:12.442Z;0;20.2;0
2024-10-16T18:40:13.450Z;0;20.2;0
2024-10-16T18:40:14.438Z;0;20.2;0
2024-10-16T18:40:15.437Z;0;20.1;0
2024-10-16T18:40:16.435Z;0;20.1;0
2024-10-16T18:40:17.438Z;0;20.1;0
2024-10-16T18:40:18.435Z;0;20;0
2024-10-16T18:40:19.435Z;0;20;0
2024-10-16T18:40:20.433Z;0;19.9;0
2024-10-16T18:40:21.435Z;0;20;0
2024-10-16T18:40:22.434Z;0;20;0
2024-10-16T18:40:23.435Z;0;20;0
2024-10-16T18:40:24.433Z;0;20;0
2024-10-16T18:40:25.438Z;0;20.1;0
2024-10-16T18:40:26.435Z;0;20.1;0
2024-10-16T18:40:27.434Z;0;20.1;0
2024-10-16T18:40:28.440Z;0;20.1;0
2024-10-16T18:40:29.436Z;0;20.2;0
2024-10-16T18:40:30.436Z;0;20.2;0
2024-10-16T18:40:31.433Z;0;20.2;0
2024-10-16T18:40:32.436Z;0;20.2;0
2024-10-16T18:40:33.436Z;0;20.2;0
2024-10-16T18:40:34.444Z;0;20.2;0
2024-10-16T18:40:35.434Z;0;20.2;0
2024-10-16T18:40:36.435Z;0;20.2;0
2024-10-16T18:40:37.434Z;0;20.1;0
2024-10-16T18:40:38.437Z;0;20.1;0
2024-10-16T18:40:39.441Z;0;20;0
2024-10-16T18:40:40.444Z;0;20.1;0
2024-10-16T18:40:41.433Z;0;20;0
2024-10-16T18:40:42.435Z;0;20;0
2024-10-16T18:40:43.428Z;0;20;0
2024-10-16T18:40:44.429Z;0;20;0
2024-10-16T18:40:45.428Z;0;19.9;0
2024-10-16T18:40:46.429Z;0;19.9;0
2024-10-16T18:40:47.428Z;0;19.9;0
2024-10-16T18:40:48.434Z;0;20;0
2024-10-16T18:40:49.433Z;0;20;0
2024-10-16T18:40:50.425Z;0;19.9;0
2024-10-16T18:40:51.419Z;0;19.9;0
2024-10-16T18:40:52.421Z;0;20;0
2024-10-16T18:40:53.428Z;0;19.9;0
2024-10-16T18:40:54.424Z;0;19.9;0
2024-10-16T18:40:55.419Z;0;19.9;0
2024-10-16T18:40:56.426Z;0;20;0
2024-10-16T18:40:57.423Z;0;20;0
2024-10-16T18:40:58.424Z;0;20;0
2024-10-16T18:40:59.424Z;0;20;0
2024-10-16T18:41:00.424Z;0;20;0
2024-10-16T18:41:01.423Z;0;19.9;0
2024-10-16T18:41:02.423Z;0;19.9;0
2024-10-16T18:41:03.424Z;0;19.9;0
2024-10-16T18:41:04.423Z;0;19.9;0
2024-10-16T18:41:05.424Z;0;20;0
2024-10-16T18:41:06.419Z;0;19.9;0
2024-10-16T18:41:07.426Z;0;19.8;0
2024-10-16T18:41:08.423Z;0;19.9;0
2024-10-16T18:41:09.422Z;0;19.9;0
2024-10-16T18:41:10.426Z;0;20;0
2024-10-16T18:41:11.423Z;0;20;0
2024-10-16T18:41:12.424Z;0;20.1;0
2024-10-16T18:41:13.423Z;0;20.1;0
2024-10-16T18:41:14.421Z;0;20.1;0
2024-10-16T18:41:15.423Z;0;20;0
2024-10-16T18:41:16.425Z;0;20.1;0
2024-10-16T18:41:17.428Z;0;20.2;0
2024-10-16T18:41:18.424Z;0;20.2;0
2024-10-16T18:41:19.422Z;0;20.1;0
2024-10-16T18:41:20.424Z;0;20.1;0
2024-10-16T18:41:21.424Z;0;20.1;0
2024-10-16T18:41:22.422Z;0;20.1;0
2024-10-16T18:41:23.425Z;0;20;0
2024-10-16T18:41:24.422Z;0;20;0
2024-10-16T18:41:25.427Z;0;20;0
2024-10-16T18:41:26.421Z;0;20;0
2024-10-16T18:41:27.422Z;0;19.9;0
2024-10-16T18:41:28.422Z;0;19.9;0
2024-10-16T18:41:29.422Z;0;19.9;0
2024-10-16T18:41:30.421Z;0;19.9;0
2024-10-16T18:41:31.421Z;0;19.9;0
2024-10-16T18:41:32.422Z;0;19.9;0
2024-10-16T18:41:33.423Z;0;20;0
2024-10-16T18:41:34.423Z;0;20;0
2024-10-16T18:41:35.422Z;0;20;0
2024-10-16T18:41:36.421Z;0;19.9;0
2024-10-16T18:41:37.421Z;0;19.9;0
2024-10-16T18:41:38.423Z;0;19.9;0
2024-10-16T18:41:39.421Z;0;19.8;0
2024-10-16T18:41:40.423Z;0;19.8;0
2024-10-16T18:41:41.425Z;0;19.8;0
2024-10-16T18:41:42.423Z;0;19.8;0
2024-10-16T18:41:43.420Z;0;19.7;0
2024-10-16T18:41:44.423Z;0;19.7;0
2024-10-16T18:41:45.418Z;0;19.8;0
2024-10-16T18:41:46.420Z;0;19.9;0
2024-10-16T18:41:47.423Z;0;20;0
2024-10-16T18:41:48.421Z;0;20;0
2024-10-16T18:41:49.421Z;0;20;0
2024-10-16T18:41:50.430Z;0;20;0
2024-10-16T18:41:51.431Z;0;20;0
2024-10-16T18:41:52.433Z;0;19.9;0
2024-10-16T18:41:53.428Z;0;19.9;0
2024-10-16T18:41:54.428Z;0;19.9;0
2024-10-16T18:41:55.428Z;0;19.9;0
2024-10-16T18:41:56.428Z;0;19.8;0
2024-10-16T18:41:57.428Z;0;19.7;0
2024-10-16T18:41:58.428Z;0;19.8;0
2024-10-16T18:41:59.429Z;0;19.8;0
2024-10-16T18:42:00.428Z;0;19.8;0
2024-10-16T18:42:01.433Z;0;19.8;0
2024-10-16T18:42:02.431Z;0;19.8;0
2024-10-16T18:42:03.429Z;0;19.9;0
2024-10-16T18:42:04.430Z;0;19.9;0
2024-10-16T18:42:05.427Z;0;19.8;0
2024-10-16T18:42:06.430Z;0;19.8;0
2024-10-16T18:42:07.429Z;0;19.7;0
2024-10-16T18:42:08.428Z;0;19.7;0
2024-10-16T18:42:09.428Z;0;19.7;0
2024-10-16T18:42:10.427Z;0;19.8;0
2024-10-16T18:42:11.428Z;0;19.9;0.00
2024-10-16T18:42:12.429Z;0;20;0.00
2024-10-16T18:42:13.429Z;0;20;1.82
2024-10-16T18:42:14.428Z;0;20.2;18.60
2024-10-16T18:42:15.425Z;0;20.3;18.60
2024-10-16T18:42:16.429Z;0;20.6;18.60
2024-10-16T18:42:17.431Z;0;20.8;18.60
2024-10-16T18:42:18.435Z;0;21;18.60
2024-10-16T18:42:19.430Z;0;21.2;18.60
2024-10-16T18:42:20.432Z;0;21.3;18.60
2024-10-16T18:42:21.427Z;0;21.5;18.60
2024-10-16T18:42:22.436Z;0;21.6;18.60
2024-10-16T18:42:23.435Z;0;21.7;18.60
2024-10-16T18:42:24.430Z;0;21.8;18.60
2024-10-16T18:42:25.427Z;0;22;18.60
2024-10-16T18:42:26.426Z;0;22;18.60
2024-10-16T18:42:27.427Z;0;22.1;18.60
2024-10-16T18:42:28.427Z;0;22.2;18.60
2024-10-16T18:42:29.429Z;0;22.2;18.60
2024-10-16T18:42:30.427Z;0;22.3;18.60
2024-10-16T18:42:31.429Z;0;22.4;18.60
2024-10-16T18:42:32.425Z;0;22.5;18.60
2024-10-16T18:42:33.431Z;0;22.6;18.60
2024-10-16T18:42:34.428Z;0;22.6;18.60
2024-10-16T18:42:35.426Z;0;22.7;18.60
2024-10-16T18:42:36.427Z;0;22.7;18.60
2024-10-16T18:42:37.425Z;0;22.8;18.60
2024-10-16T18:42:38.428Z;0;22.9;18.60
2024-10-16T18:42:39.426Z;0;23;18.60
2024-10-16T18:42:40.431Z;0;23;18.60
2024-10-16T18:42:41.430Z;0;23;18.60
2024-10-16T18:42:42.435Z;0;23.1;18.60
2024-10-16T18:42:43.428Z;0;23.2;18.60
2024-10-16T18:42:44.430Z;0;23.3;18.60
2024-10-16T18:42:45.432Z;0;23.3;18.60
2024-10-16T18:42:46.426Z;0;23.3;18.60
2024-10-16T18:42:47.429Z;0;23.4;18.60
2024-10-16T18:42:48.426Z;0;23.4;18.60
2024-10-16T18:42:49.426Z;0;23.4;18.60
2024-10-16T18:42:50.425Z;0;23.5;18.60
2024-10-16T18:42:51.429Z;0;23.5;18.60
2024-10-16T18:42:52.429Z;0;23.6;18.60
2024-10-16T18:42:53.430Z;0;23.7;18.60
2024-10-16T18:42:54.431Z;0;23.7;18.60
2024-10-16T18:42:55.429Z;0;23.8;18.60
2024-10-16T18:42:56.427Z;0;23.8;18.60
2024-10-16T18:42:57.431Z;0;24;18.60
2024-10-16T18:42:58.430Z;0;24.1;18.60
2024-10-16T18:42:59.427Z;0;24.3;18.60
2024-10-16T18:43:00.428Z;0;24.4;18.60
2024-10-16T18:43:01.422Z;0;24.5;18.60
2024-10-16T18:43:02.435Z;0;24.6;18.60
2024-10-16T18:43:03.428Z;0;24.8;18.60
2024-10-16T18:43:04.425Z;0;25;18.60
2024-10-16T18:43:05.428Z;0;25.1;18.60
2024-10-16T18:43:06.424Z;0;25.4;18.60
2024-10-16T18:43:07.424Z;0;25.5;18.60
2024-10-16T18:43:08.434Z;0;25.6;18.60
2024-10-16T18:43:09.424Z;0;25.8;18.60
2024-10-16T18:43:10.426Z;0;25.9;18.60
2024-10-16T18:43:11.425Z;0;26;18.60
2024-10-16T18:43:12.425Z;0;26.1;18.60
2024-10-16T18:43:13.425Z;0;26.2;18.60
2024-10-16T18:43:14.425Z;0;26.3;18.60
2024-10-16T18:43:15.423Z;0;26.3;18.60
2024-10-16T18:43:16.427Z;0;26.3;18.60
2024-10-16T18:43:17.426Z;0;26.3;18.60
2024-10-16T18:43:18.425Z;0;26.4;18.60
2024-10-16T18:43:19.425Z;0;26.5;18.60
2024-10-16T18:43:20.424Z;0;26.5;18.60
2024-10-16T18:43:21.425Z;0;26.8;18.60
2024-10-16T18:43:22.421Z;0;26.9;18.60
2024-10-16T18:43:23.424Z;0;27;18.60
2024-10-16T18:43:24.428Z;0;27.1;18.60
2024-10-16T18:43:25.425Z;0;27.2;18.60
2024-10-16T18:43:26.421Z;0;27.3;18.60
2024-10-16T18:43:27.424Z;0;27.4;18.60
2024-10-16T18:43:28.424Z;0;27.4;18.60
2024-10-16T18:43:29.421Z;0;27.5;18.60
2024-10-16T18:43:30.424Z;0;27.6;18.60
2024-10-16T18:43:31.423Z;0;27.5;18.60
2024-10-16T18:43:32.424Z;0;27.5;18.60
2024-10-16T18:43:33.426Z;0;27.5;18.60
2024-10-16T18:43:34.422Z;0;27.5;18.60
2024-10-16T18:43:35.423Z;0;27.5;18.60
2024-10-16T18:43:36.425Z;0;27.6;18.60
2024-10-16T18:43:37.423Z;0;27.5;18.60
2024-10-16T18:43:38.426Z;0;27.6;18.60
2024-10-16T18:43:39.420Z;0;27.6;18.60
2024-10-16T18:43:40.425Z;0;27.6;18.60
2024-10-16T18:43:41.424Z;0;27.8;18.60
2024-10-16T18:43:42.422Z;0;27.8;18.60
2024-10-16T18:43:43.424Z;0;27.9;18.60
2024-10-16T18:43:44.424Z;0;28;18.60
2024-10-16T18:43:45.423Z;0;28.1;18.60
2024-10-16T18:43:46.424Z;0;28.2;18.60
2024-10-16T18:43:47.423Z;0;28.1;18.60
2024-10-16T18:43:48.424Z;0;28.2;18.60
2024-10-16T18:43:49.423Z;0;28.3;18.60
2024-10-16T18:43:50.427Z;0;28.3;18.60
2024-10-16T18:43:51.422Z;0;28.3;18.60
2024-10-16T18:43:52.418Z;0;28.4;18.60
2024-10-16T18:43:53.423Z;0;28.4;18.60
2024-10-16T18:43:54.417Z;0;28.4;18.60
2024-10-16T18:43:55.418Z;0;28.5;18.60
2024-10-16T18:43:56.420Z;0;28.5;18.60
2024-10-16T18:43:57.421Z;0;28.6;18.60
2024-10-16T18:43:58.422Z;0;28.7;18.60
2024-10-16T18:43:59.422Z;0;28.8;18.60
2024-10-16T18:44:00.421Z;0;28.8;18.60
2024-10-16T18:44:01.422Z;0;28.9;18.60
2024-10-16T18:44:02.423Z;0;29;18.60
2024-10-16T18:44:03.424Z;0;29;18.60
2024-10-16T18:44:04.422Z;0;29.1;18.60
2024-10-16T18:44:05.421Z;0;29.1;18.60
2024-10-16T18:44:06.423Z;0;29.2;18.60
2024-10-16T18:44:07.422Z;0;29.3;18.60
2024-10-16T18:44:08.422Z;0;29.4;18.60
2024-10-16T18:44:09.426Z;0;29.4;18.60
2024-10-16T18:44:10.422Z;0;29.4;18.60
2024-10-16T18:44:11.421Z;0;29.4;18.60
2024-10-16T18:44:12.422Z;0;29.5;18.60
2024-10-16T18:44:13.422Z;0;29.4;18.60
2024-10-16T18:44:14.424Z;0;29.5;18.60
2024-10-16T18:44:15.420Z;0;29.6;18.60
2024-10-16T18:44:16.423Z;0;29.6;18.60
2024-10-16T18:44:17.423Z;0;29.7;18.60
2024-10-16T18:44:18.423Z;0;29.7;18.60
2024-10-16T18:44:19.420Z;0;29.7;18.60
2024-10-16T18:44:20.424Z;0;29.7;18.60
2024-10-16T18:44:21.425Z;0;29.8;18.60
2024-10-16T18:44:22.423Z;0;29.8;18.60
2024-10-16T18:44:23.422Z;0;29.9;18.60
2024-10-16T18:44:24.423Z;0;29.9;18.60
2024-10-16T18:44:25.420Z;0;30;18.60
2024-10-16T18:44:26.420Z;0;30;18.60
2024-10-16T18:44:27.423Z;0;30;18.60
2024-10-16T18:44:28.420Z;0;30;18.60
2024-10-16T18:44:29.421Z;0;30.1;18.60
2024-10-16T18:44:30.421Z;0;30.2;18.60
2024-10-16T18:44:31.422Z;0;30.2;18.60
2024-10-16T18:44:32.421Z;0;30.3;18.60
2024-10-16T18:44:33.419Z;0;30.3;18.60
2024-10-16T18:44:34.421Z;0;30.3;18.60
2024-10-16T18:44:35.420Z;0;30.2;18.60
2024-10-16T18:44:36.420Z;0;30.2;18.60
2024-10-16T18:44:37.421Z;0;30.3;18.60
2024-10-16T18:44:38.421Z;0;30.2;18.60
2024-10-16T18:44:39.419Z;0;30.2;18.60
2024-10-16T18:44:40.419Z;0;30.2;18.60
2024-10-16T18:44:41.419Z;0;30.2;18.60
2024-10-16T18:44:42.421Z;0;30.1;18.60
2024-10-16T18:44:43.421Z;0;30.2;18.60
2024-10-16T18:44:44.423Z;0;30.2;18.60
2024-10-16T18:44:45.419Z;0;30.3;18.60
2024-10-16T18:44:46.421Z;0;30.4;18.60
2024-10-16T18:44:47.418Z;0;30.3;18.60
2024-10-16T18:44:48.421Z;0;30.4;18.60
2024-10-16T18:44:49.423Z;0;30.4;18.60
2024-10-16T18:44:50.419Z;0;30.5;18.60
2024-10-16T18:44:51.420Z;0;30.5;18.60
2024-10-16T18:44:52.423Z;0;30.6;18.60
2024-10-16T18:44:53.423Z;0;30.5;18.60
2024-10-16T18:44:54.422Z;0;30.6;18.60
2024-10-16T18:44:55.419Z;0;30.6;18.60
2024-10-16T18:44:56.419Z;0;30.7;18.60
2024-10-16T18:44:57.420Z;0;30.8;18.60
2024-10-16T18:44:58.418Z;0;30.8;18.60
2024-10-16T18:44:59.414Z;0;30.8;18.60
2024-10-16T18:45:00.426Z;0;30.9;18.60
2024-10-16T18:45:01.419Z;0;30.8;18.60
2024-10-16T18:45:02.421Z;0;30.9;18.60
2024-10-16T18:45:03.418Z;0;30.9;18.60
2024-10-16T18:45:04.419Z;0;30.8;18.60
2024-10-16T18:45:05.418Z;0;30.8;18.60
2024-10-16T18:45:06.421Z;0;30.8;18.60
2024-10-16T18:45:07.418Z;0;30.9;18.60
2024-10-16T18:45:08.421Z;0;31;18.60
2024-10-16T18:45:09.418Z;0;31;18.60
2024-10-16T18:45:10.419Z;0;31;18.60
2024-10-16T18:45:11.418Z;0;31;18.60
2024-10-16T18:45:12.419Z;0;31;18.60
2024-10-16T18:45:13.420Z;0;31;18.60
2024-10-16T18:45:14.418Z;0;31.1;18.60
2024-10-16T18:45:15.420Z;0;31.1;18.60
2024-10-16T18:45:16.421Z;0;31.1;18.60
2024-10-16T18:45:17.417Z;0;31.1;18.60
2024-10-16T18:45:18.417Z;0;31;18.60
2024-10-16T18:45:19.417Z;0;31.1;18.60
2024-10-16T18:45:20.421Z;0;31.1;18.60
2024-10-16T18:45:21.417Z;0;31.2;18.60
2024-10-16T18:45:22.419Z;0;31.2;18.60
2024-10-16T18:45:23.416Z;0;31.1;18.60
2024-10-16T18:45:24.417Z;0;31.1;18.60
2024-10-16T18:45:25.417Z;0;31.1;18.60
2024-10-16T18:45:26.418Z;0;31.2;18.60
2024-10-16T18:45:27.419Z;0;31.2;18.60
2024-10-16T18:45:28.416Z;0;31.3;18.60
2024-10-16T18:45:29.416Z;0;31.2;18.60
2024-10-16T18:45:30.422Z;0;31.3;18.60
2024-10-16T18:45:31.418Z;0;31.3;18.60
2024-10-16T18:45:32.417Z;0;31.3;18.60
2024-10-16T18:45:33.417Z;0;31.3;18.60
2024-10-16T18:45:34.417Z;0;31.4;18.60
2024-10-16T18:45:35.417Z;0;31.4;18.60
2024-10-16T18:45:36.415Z;0;31.4;18.60
2024-10-16T18:45:37.417Z;0;31.4;18.60
2024-10-16T18:45:38.418Z;0;31.4;18.60
2024-10-16T18:45:39.416Z;0;31.4;18.60
2024-10-16T18:45:40.415Z;0;31.4;18.60
2024-10-16T18:45:41.417Z;0;31.5;18.60
2024-10-16T18:45:42.416Z;0;31.5;18.60
2024-10-16T18:45:43.415Z;0;31.5;18.60
2024-10-16T18:45:44.415Z;0;31.5;18.60
2024-10-16T18:45:45.416Z;0;31.5;18.60
2024-10-16T18:45:46.410Z;0;31.5;18.60
2024-10-16T18:45:47.415Z;0;31.6;18.60
2024-10-16T18:45:48.418Z;0;31.6;18.60
2024-10-16T18:45:49.416Z;0;31.5;18.60
2024-10-16T18:45:50.416Z;0;31.5;18.60
2024-10-16T18:45:51.413Z;0;31.6;18.60
2024-10-16T18:45:52.413Z;0;31.7;18.60
2024-10-16T18:45:53.413Z;0;31.8;18.60
2024-10-16T18:45:54.414Z;0;31.8;18.60
2024-10-16T18:45:55.416Z;0;31.9;18.60
2024-10-16T18:45:56.411Z;0;31.9;18.60
2024-10-16T18:45:57.412Z;0;31.9;18.60
2024-10-16T18:45:58.416Z;0;31.9;18.60
2024-10-16T18:45:59.413Z;0;32;18.60
2024-10-16T18:46:00.412Z;0;32;18.60
2024-10-16T18:46:01.413Z;0;32;18.60
2024-10-16T18:46:02.411Z;0;31.9;18.60
2024-10-16T18:46:03.412Z;0;31.9;18.60
2024-10-16T18:46:04.412Z;0;31.9;18.60
2024-10-16T18:46:05.410Z;0;31.9;18.60
2024-10-16T18:46:06.412Z;0;31.9;18.60
2024-10-16T18:46:07.412Z;0;32;18.60
2024-10-16T18:46:08.413Z;0;32;18.60
2024-10-16T18:46:09.413Z;0;32;18.60
2024-10-16T18:46:10.411Z;0;32.1;18.60
2024-10-16T18:46:11.413Z;0;32.1;18.60
2024-10-16T18:46:12.415Z;0;32.2;18.60
2024-10-16T18:46:13.415Z;0;32.2;18.60
2024-10-16T18:46:14.411Z;0;32.2;18.60
2024-10-16T18:46:15.411Z;0;32.2;18.60
2024-10-16T18:46:16.407Z;0;32.2;18.60
2024-10-16T18:46:17.411Z;0;32.2;18.60
2024-10-16T18:46:18.410Z;0;32.3;18.60
2024-10-16T18:46:19.411Z;0;32.3;18.60
2024-10-16T18:46:20.412Z;0;32.4;18.60
2024-10-16T18:46:21.413Z;0;32.3;18.60
2024-10-16T18:46:22.412Z;0;32.3;18.60
2024-10-16T18:46:23.412Z;0;32.3;18.60
2024-10-16T18:46:24.410Z;0;32.3;18.60
2024-10-16T18:46:25.409Z;0;32.3;18.60
2024-10-16T18:46:26.411Z;0;32.3;18.60
2024-10-16T18:46:27.411Z;0;32.3;18.60
2024-10-16T18:46:28.412Z;0;32.3;18.60
2024-10-16T18:46:29.411Z;0;32.2;18.60
2024-10-16T18:46:30.410Z;0;32.2;18.60
2024-10-16T18:46:31.421Z;0;32.2;18.60
2024-10-16T18:46:32.410Z;0;32.3;18.60
2024-10-16T18:46:33.411Z;0;32.3;18.60
2024-10-16T18:46:34.410Z;0;32.4;18.60
2024-10-16T18:46:35.415Z;0;32.5;18.60
2024-10-16T18:46:36.410Z;0;32.5;18.60
2024-10-16T18:46:37.412Z;0;32.4;18.60
2024-10-16T18:46:38.413Z;0;32.5;18.60
2024-10-16T18:46:39.409Z;0;32.4;18.60
2024-10-16T18:46:40.409Z;0;32.4;18.60
2024-10-16T18:46:41.410Z;0;32.5;18.60
2024-10-16T18:46:42.409Z;0;32.5;18.60
2024-10-16T18:46:43.410Z;0;32.4;18.60
2024-10-16T18:46:44.409Z;0;32.4;18.60
2024-10-16T18:46:45.413Z;0;32.4;18.60
2024-10-16T18:46:46.408Z;0;32.4;18.60
2024-10-16T18:46:47.412Z;0;32.5;18.60
2024-10-16T18:46:48.414Z;0;32.4;18.60
2024-10-16T18:46:49.411Z;0;32.5;18.60
2024-10-16T18:46:50.409Z;0;32.5;18.60
2024-10-16T18:46:51.415Z;0;32.6;18.60
2024-10-16T18:46:52.415Z;0;32.6;18.60
2024-10-16T18:46:53.412Z;0;32.6;18.60
2024-10-16T18:46:54.416Z;0;32.6;18.60
2024-10-16T18:46:55.411Z;0;32.6;18.60
2024-10-16T18:46:56.415Z;0;32.6;18.60
2024-10-16T18:46:57.415Z;0;32.5;18.60
2024-10-16T18:46:58.413Z;0;32.6;18.60
2024-10-16T18:46:59.416Z;0;32.5;18.60
2024-10-16T18:47:00.412Z;0;32.6;18.60
2024-10-16T18:47:01.417Z;0;32.4;18.60
2024-10-16T18:47:02.412Z;0;32.4;18.60
2024-10-16T18:47:03.412Z;0;32.4;18.60
2024-10-16T18:47:04.411Z;0;32.4;18.60
2024-10-16T18:47:05.417Z;0;32.5;18.60
2024-10-16T18:47:06.412Z;0;32.3;18.60
2024-10-16T18:47:07.416Z;0;32.3;18.60
2024-10-16T18:47:08.412Z;0;32.3;18.60
2024-10-16T18:47:09.414Z;0;32.3;18.60
2024-10-16T18:47:10.414Z;0;32.2;18.60
2024-10-16T18:47:11.411Z;0;32.2;18.60
2024-10-16T18:47:12.411Z;0;32.2;18.60
2024-10-16T18:47:13.415Z;0;32.2;18.60
2024-10-16T18:47:14.412Z;0;32.1;18.60
2024-10-16T18:47:15.413Z;0;32.1;18.60
2024-10-16T18:47:16.411Z;0;32.3;18.60
2024-10-16T18:47:17.415Z;0;32.3;18.60
2024-10-16T18:47:18.415Z;0;32.3;18.60
2024-10-16T18:47:19.412Z;0;32.3;18.60
2024-10-16T18:47:20.410Z;0;32.4;18.60
2024-10-16T18:47:21.410Z;0;32.4;18.60
2024-10-16T18:47:22.415Z;0;32.4;18.60
2024-10-16T18:47:23.410Z;0;32.4;18.60
2024-10-16T18:47:24.410Z;0;32.4;18.60
2024-10-16T18:47:25.413Z;0;32.4;18.60
2024-10-16T18:47:26.410Z;0;32.4;18.60
2024-10-16T18:47:27.410Z;0;32.4;18.60
2024-10-16T18:47:28.410Z;0;32.5;18.60
2024-10-16T18:47:29.412Z;0;32.4;18.60
2024-10-16T18:47:30.412Z;0;32.4;18.60
2024-10-16T18:47:31.410Z;0;32.5;18.60
2024-10-16T18:47:32.410Z;0;32.5;18.60
2024-10-16T18:47:33.411Z;0;32.5;18.60
2024-10-16T18:47:34.410Z;0;32.6;18.60
2024-10-16T18:47:35.413Z;0;32.7;18.60
2024-10-16T18:47:36.410Z;0;32.7;18.60
2024-10-16T18:47:37.409Z;0;32.7;18.60
2024-10-16T18:47:38.409Z;0;32.7;18.60
2024-10-16T18:47:39.413Z;0;32.7;18.60
2024-10-16T18:47:40.413Z;0;32.8;18.60
2024-10-16T18:47:41.409Z;0;32.9;18.60
2024-10-16T18:47:42.409Z;0;32.9;18.60
2024-10-16T18:47:43.409Z;0;32.9;18.60
2024-10-16T18:47:44.409Z;0;32.9;18.60
2024-10-16T18:47:45.413Z;0;32.9;18.60
2024-10-16T18:47:46.411Z;0;33;18.60
2024-10-16T18:47:47.408Z;0;33.1;18.60
2024-10-16T18:47:48.408Z;0;33.2;18.60
2024-10-16T18:47:49.409Z;0;33.2;18.60
2024-10-16T18:47:50.408Z;0;33.2;18.60
2024-10-16T18:47:51.409Z;0;33.1;18.60
2024-10-16T18:47:52.412Z;0;33.1;18.60
2024-10-16T18:47:53.408Z;0;33.1;18.60
2024-10-16T18:47:54.411Z;0;33.1;18.60
2024-10-16T18:47:55.411Z;0;33.1;18.60
2024-10-16T18:47:56.409Z;0;33;18.60
2024-10-16T18:47:57.412Z;0;32.9;18.60
2024-10-16T18:47:58.417Z;0;32.9;18.60
2024-10-16T18:47:59.412Z;0;32.9;18.60
2024-10-16T18:48:00.408Z;0;32.8;18.60
2024-10-16T18:48:01.408Z;0;32.9;18.60
2024-10-16T18:48:02.408Z;0;32.9;18.60
2024-10-16T18:48:03.407Z;0;32.9;18.60
2024-10-16T18:48:04.407Z;0;32.9;18.60
2024-10-16T18:48:05.406Z;0;32.9;18.60
2024-10-16T18:48:06.407Z;0;33;18.60
2024-10-16T18:48:07.408Z;0;33;18.60
2024-10-16T18:48:08.407Z;0;33;18.60
2024-10-16T18:48:09.409Z;0;32.9;18.60
2024-10-16T18:48:10.410Z;0;32.9;18.60
2024-10-16T18:48:11.407Z;0;32.9;18.60
2024-10-16T18:48:12.410Z;0;32.8;18.60
2024-10-16T18:48:13.407Z;0;32.8;18.60
2024-10-16T18:48:14.412Z;0;32.8;18.60
2024-10-16T18:48:15.411Z;0;32.8;18.60
2024-10-16T18:48:16.408Z;0;32.8;18.60
2024-10-16T18:48:17.401Z;0;32.8;18.60
2024-10-16T18:48:18.413Z;0;32.8;18.60
2024-10-16T18:48:19.406Z;0;32.9;18.60
2024-10-16T18:48:20.410Z;0;32.9;18.60
2024-10-16T18:48:21.411Z;0;32.7;18.60
2024-10-16T18:48:22.407Z;0;32.7;18.60
2024-10-16T18:48:23.407Z;0;32.7;18.60
2024-10-16T18:48:24.408Z;0;32.7;18.60
2024-10-16T18:48:25.405Z;0;32.7;18.60
2024-10-16T18:48:26.409Z;0;32.8;18.60
2024-10-16T18:48:27.414Z;0;32.8;18.60
2024-10-16T18:48:28.410Z;0;32.8;18.60
2024-10-16T18:48:29.406Z;0;32.8;18.60
2024-10-16T18:48:30.407Z;0;32.8;18.60
2024-10-16T18:48:31.407Z;0;33;18.60
2024-10-16T18:48:32.402Z;0;33;18.60
2024-10-16T18:48:33.415Z;0;33;18.60
2024-10-16T18:48:34.409Z;0;33.1;18.60
2024-10-16T18:48:35.409Z;0;33;18.60
2024-10-16T18:48:36.415Z;0;32.9;18.60
2024-10-16T18:48:37.408Z;0;32.9;18.60
2024-10-16T18:48:38.410Z;0;32.9;18.60
2024-10-16T18:48:39.410Z;0;32.9;18.60
2024-10-16T18:48:40.406Z;0;32.9;18.60
2024-10-16T18:48:41.410Z;0;32.9;18.60
2024-10-16T18:48:42.407Z;0;32.9;18.60
2024-10-16T18:48:43.407Z;0;32.9;18.60
2024-10-16T18:48:44.406Z;0;32.9;18.60
2024-10-16T18:48:45.406Z;0;33;18.60
2024-10-16T18:48:46.412Z;0;33;18.60
2024-10-16T18:48:47.408Z;0;33;18.60
2024-10-16T18:48:48.408Z;0;33;18.60
2024-10-16T18:48:49.406Z;0;33.1;18.60
2024-10-16T18:48:50.405Z;0;33.1;18.60
2024-10-16T18:48:51.406Z;0;33.1;18.60
2024-10-16T18:48:52.409Z;0;33.1;18.60
2024-10-16T18:48:53.405Z;0;33.1;18.60
2024-10-16T18:48:54.407Z;0;33.1;18.60
2024-10-16T18:48:55.405Z;0;33.1;18.60
2024-10-16T18:48:56.404Z;0;33.2;18.60
2024-10-16T18:48:57.408Z;0;33.2;18.60
2024-10-16T18:48:58.404Z;0;33.2;18.60
2024-10-16T18:48:59.404Z;0;33.2;18.60
2024-10-16T18:49:00.409Z;0;33.2;18.60
2024-10-16T18:49:01.418Z;0;33.2;18.60
2024-10-16T18:49:02.404Z;0;33.2;18.60
2024-10-16T18:49:03.408Z;0;33.2;18.60
2024-10-16T18:49:04.414Z;0;33.2;18.60
2024-10-16T18:49:05.409Z;0;33.2;18.60
2024-10-16T18:49:06.403Z;0;33.1;18.60
2024-10-16T18:49:07.406Z;0;33.1;18.60
2024-10-16T18:49:08.406Z;0;33.2;18.60
2024-10-16T18:49:09.411Z;0;33.2;18.60
2024-10-16T18:49:10.405Z;0;33.1;18.60
2024-10-16T18:49:11.406Z;0;33.1;18.60
2024-10-16T18:49:12.405Z;0;33.1;18.60
2024-10-16T18:49:13.405Z;0;33.1;18.60
2024-10-16T18:49:14.405Z;0;33;18.60
2024-10-16T18:49:15.406Z;0;33;18.60
2024-10-16T18:49:16.405Z;0;33;18.60
2024-10-16T18:49:17.405Z;0;32.9;18.60
2024-10-16T18:49:18.404Z;0;32.8;18.60
2024-10-16T18:49:19.403Z;0;32.9;18.60
2024-10-16T18:49:20.414Z;0;33;18.60
2024-10-16T18:49:21.401Z;0;33;18.60
2024-10-16T18:49:22.404Z;0;33.1;18.60
2024-10-16T18:49:23.402Z;0;33.1;18.60
2024-10-16T18:49:24.404Z;0;33.2;18.60
2024-10-16T18:49:25.404Z;0;33.3;18.60
2024-10-16T18:49:26.402Z;0;33.3;18.60
2024-10-16T18:49:27.404Z;0;33.4;18.60
2024-10-16T18:49:28.402Z;0;33.4;18.60
2024-10-16T18:49:29.405Z;0;33.4;18.60
2024-10-16T18:49:30.405Z;0;33.4;18.60
2024-10-16T18:49:31.404Z;0;33.4;18.60
2024-10-16T18:49:32.406Z;0;33.4;18.60
2024-10-16T18:49:33.402Z;0;33.4;18.60
2024-10-16T18:49:34.403Z;0;33.3;18.60
2024-10-16T18:49:35.404Z;0;33.2;18.60
2024-10-16T18:49:36.403Z;0;33.2;18.60
2024-10-16T18:49:37.402Z;0;33.2;18.60
2024-10-16T18:49:38.402Z;0;33.2;18.60
2024-10-16T18:49:39.403Z;0;33.1;18.60
2024-10-16T18:49:40.405Z;0;33.1;18.60
2024-10-16T18:49:41.402Z;0;33;18.60
2024-10-16T18:49:42.402Z;0;33;18.60
2024-10-16T18:49:43.402Z;0;33;18.60
2024-10-16T18:49:44.406Z;0;33.1;18.60
2024-10-16T18:49:45.404Z;0;33.1;18.60
2024-10-16T18:49:46.403Z;0;33.2;18.60
2024-10-16T18:49:47.403Z;0;33.2;18.60
2024-10-16T18:49:48.403Z;0;33.2;18.60
2024-10-16T18:49:49.400Z;0;33.2;18.60
2024-10-16T18:49:50.402Z;0;33.2;18.60
2024-10-16T18:49:51.402Z;0;33.1;18.60
2024-10-16T18:49:52.389Z;0;33.1;18.60
2024-10-16T18:49:53.388Z;0;33.2;18.60
2024-10-16T18:49:54.389Z;0;33.2;18.60
2024-10-16T18:49:55.388Z;0;33.2;18.60
2024-10-16T18:49:56.383Z;0;33.2;18.60
2024-10-16T18:49:57.389Z;0;33.2;18.60
2024-10-16T18:49:58.388Z;0;33.2;18.60
2024-10-16T18:49:59.391Z;0;33.3;18.60
2024-10-16T18:50:00.387Z;0;33.3;18.60
2024-10-16T18:50:01.391Z;0;33.4;18.60
2024-10-16T18:50:02.386Z;0;33.4;18.60
2024-10-16T18:50:03.388Z;0;33.3;18.60
2024-10-16T18:50:04.389Z;0;33.3;18.60
2024-10-16T18:50:05.390Z;0;33.3;18.60
2024-10-16T18:50:06.388Z;0;33.2;18.60
2024-10-16T18:50:07.388Z;0;33.3;18.60
2024-10-16T18:50:08.387Z;0;33.3;18.60
2024-10-16T18:50:09.390Z;0;33.3;18.60
2024-10-16T18:50:10.391Z;0;33.3;18.60
2024-10-16T18:50:11.387Z;0;33.3;18.60
2024-10-16T18:50:12.387Z;0;33.3;18.60
2024-10-16T18:50:13.388Z;0;33.3;18.60
2024-10-16T18:50:14.389Z;0;33.3;18.60
2024-10-16T18:50:15.389Z;0;33.3;18.60
2024-10-16T18:50:16.392Z;0;33.3;18.60
2024-10-16T18:50:17.389Z;0;33.3;18.60
2024-10-16T18:50:18.387Z;0;33.3;18.60
2024-10-16T18:50:19.391Z;0;33.3;18.60
2024-10-16T18:50:20.389Z;0;33.2;18.60
2024-10-16T18:50:21.390Z;0;33.2;18.60
2024-10-16T18:50:22.387Z;0;33.3;18.60
2024-10-16T18:50:23.386Z;0;33.3;18.60
2024-10-16T18:50:24.386Z;0;33.3;18.60
2024-10-16T18:50:25.390Z;0;33.3;18.60
2024-10-16T18:50:26.388Z;0;33.4;18.60
2024-10-16T18:50:27.386Z;0;33.4;18.60
2024-10-16T18:50:28.387Z;0;33.5;18.60
2024-10-16T18:50:29.391Z;0;33.5;18.60
2024-10-16T18:50:30.388Z;0;33.6;18.60
2024-10-16T18:50:31.386Z;0;33.5;18.60
2024-10-16T18:50:32.385Z;0;33.5;18.60
2024-10-16T18:50:33.387Z;0;33.6;18.60
2024-10-16T18:50:34.388Z;0;33.5;18.60
2024-10-16T18:50:35.387Z;0;33.6;18.60
2024-10-16T18:50:36.387Z;0;33.5;18.60
2024-10-16T18:50:37.389Z;0;33.4;18.60
2024-10-16T18:50:38.387Z;0;33.5;18.60
2024-10-16T18:50:39.387Z;0;33.4;18.60
2024-10-16T18:50:40.390Z;0;33.4;18.60
2024-10-16T18:50:41.384Z;0;33.5;18.60
2024-10-16T18:50:42.385Z;0;33.5;18.60
2024-10-16T18:50:43.385Z;0;33.5;18.60
2024-10-16T18:50:44.385Z;0;33.5;18.60
2024-10-16T18:50:45.390Z;0;33.5;18.60
2024-10-16T18:50:46.387Z;0;33.5;18.60
2024-10-16T18:50:47.385Z;0;33.5;18.60
2024-10-16T18:50:48.385Z;0;33.4;18.60
2024-10-16T18:50:49.384Z;0;33.4;18.60
2024-10-16T18:50:50.385Z;0;33.4;18.60
2024-10-16T18:50:51.386Z;0;33.3;18.60
2024-10-16T18:50:52.400Z;0;33.4;18.60
2024-10-16T18:50:53.398Z;0;33.6;18.60
2024-10-16T18:50:54.409Z;0;33.6;18.60
2024-10-16T18:50:55.396Z;0;33.6;18.60
2024-10-16T18:50:56.401Z;0;33.7;18.60
2024-10-16T18:50:57.400Z;0;33.8;18.60
2024-10-16T18:50:58.397Z;0;33.8;18.60
2024-10-16T18:50:59.401Z;0;33.8;18.60
2024-10-16T18:51:00.402Z;0;33.8;18.60
2024-10-16T18:51:01.400Z;0;33.8;18.60
2024-10-16T18:51:02.399Z;0;33.8;18.60
2024-10-16T18:51:03.393Z;0;33.6;18.60
2024-10-16T18:51:04.397Z;0;33.6;18.60
2024-10-16T18:51:05.397Z;0;33.6;18.60
2024-10-16T18:51:06.396Z;0;33.5;18.60
2024-10-16T18:51:07.392Z;0;33.5;18.60
2024-10-16T18:51:08.392Z;0;33.5;18.60
2024-10-16T18:51:09.397Z;0;33.5;18.60
2024-10-16T18:51:10.397Z;0;33.5;18.60
2024-10-16T18:51:11.400Z;0;33.6;18.60
2024-10-16T18:51:12.396Z;0;33.6;18.60
2024-10-16T18:51:13.399Z;0;33.6;18.60
2024-10-16T18:51:14.395Z;0;33.6;18.60
2024-10-16T18:51:15.396Z;0;33.7;18.60
2024-10-16T18:51:16.398Z;0;33.7;18.60
2024-10-16T18:51:17.399Z;0;33.6;18.60
2024-10-16T18:51:18.399Z;0;33.6;18.60
2024-10-16T18:51:19.402Z;0;33.7;18.60
2024-10-16T18:51:20.395Z;0;33.7;18.60
2024-10-16T18:51:21.397Z;0;33.7;18.60
2024-10-16T18:51:22.399Z;0;33.7;18.60
2024-10-16T18:51:23.402Z;0;33.7;18.60
2024-10-16T18:51:24.397Z;0;33.7;18.60
2024-10-16T18:51:25.402Z;0;33.7;18.60
2024-10-16T18:51:26.395Z;0;33.7;18.60
2024-10-16T18:51:27.396Z;0;33.8;18.60
2024-10-16T18:51:28.395Z;0;33.8;18.60
2024-10-16T18:51:29.398Z;0;33.7;18.60
2024-10-16T18:51:30.401Z;0;33.7;18.60
2024-10-16T18:51:31.395Z;0;33.7;18.60
2024-10-16T18:51:32.401Z;0;33.7;18.60
2024-10-16T18:51:33.397Z;0;33.7;18.60
2024-10-16T18:51:34.395Z;0;33.7;18.60
2024-10-16T18:51:35.399Z;0;33.7;18.60
2024-10-16T18:51:36.395Z;0;33.6;18.60
2024-10-16T18:51:37.393Z;0;33.7;18.60
2024-10-16T18:51:38.403Z;0;33.6;18.60
2024-10-16T18:51:39.395Z;0;33.7;18.60
2024-10-16T18:51:40.396Z;0;33.6;18.60
2024-10-16T18:51:41.395Z;0;33.7;18.60
2024-10-16T18:51:42.403Z;0;33.7;18.60
2024-10-16T18:51:43.396Z;0;33.7;18.60
2024-10-16T18:51:44.396Z;0;33.8;18.60
2024-10-16T18:51:45.395Z;0;33.8;18.60
2024-10-16T18:51:46.395Z;0;33.9;18.60
2024-10-16T18:51:47.395Z;0;33.8;18.60
2024-10-16T18:51:48.394Z;0;33.8;18.60
2024-10-16T18:51:49.395Z;0;33.8;18.60
2024-10-16T18:51:50.394Z;0;33.7;18.60
2024-10-16T18:51:51.396Z;0;33.7;18.60
2024-10-16T18:51:52.393Z;0;33.7;18.60
2024-10-16T18:51:53.399Z;0;33.7;18.60
2024-10-16T18:51:54.394Z;0;33.6;18.60
2024-10-16T18:51:55.394Z;0;33.6;18.60
2024-10-16T18:51:56.394Z;0;33.6;18.60
2024-10-16T18:51:57.394Z;0;33.6;18.60
2024-10-16T18:51:58.394Z;0;33.7;18.60
2024-10-16T18:51:59.393Z;0;33.7;18.60
2024-10-16T18:52:00.394Z;0;33.7;18.60
2024-10-16T18:52:01.396Z;0;33.8;18.60
2024-10-16T18:52:02.394Z;0;33.7;18.60
2024-10-16T18:52:03.393Z;0;33.8;18.60
2024-10-16T18:52:04.393Z;0;33.8;18.60
2024-10-16T18:52:05.402Z;0;33.8;18.60
2024-10-16T18:52:06.397Z;0;33.8;18.60
2024-10-16T18:52:07.397Z;0;33.8;18.60
2024-10-16T18:52:08.398Z;0;33.8;18.60
2024-10-16T18:52:09.394Z;0;33.7;18.60
2024-10-16T18:52:10.393Z;0;33.8;18.60
2024-10-16T18:52:11.394Z;0;33.7;18.60
2024-10-16T18:52:12.394Z;0;33.7;18.60
2024-10-16T18:52:13.395Z;0;33.7;18.60
2024-10-16T18:52:14.394Z;0;33.7;18.60
2024-10-16T18:52:15.393Z;0;33.7;18.60
2024-10-16T18:52:16.396Z;0;33.7;18.60
2024-10-16T18:52:17.393Z;0;33.7;18.60
2024-10-16T18:52:18.391Z;0;33.7;18.60
2024-10-16T18:52:19.393Z;0;33.7;18.60
2024-10-16T18:52:20.395Z;0;33.7;18.60
2024-10-16T18:52:21.393Z;0;33.7;18.60
2024-10-16T18:52:22.395Z;0;33.7;18.60
2024-10-16T18:52:23.393Z;0;33.6;18.60
2024-10-16T18:52:24.394Z;0;33.6;18.60
2024-10-16T18:52:25.394Z;0;33.7;18.60
2024-10-16T18:52:26.394Z;0;33.6;18.60
2024-10-16T18:52:27.393Z;0;33.6;18.60
2024-10-16T18:52:28.398Z;0;33.6;18.60
2024-10-16T18:52:29.394Z;0;33.6;18.60
2024-10-16T18:52:30.395Z;0;33.6;18.60
2024-10-16T18:52:31.393Z;0;33.6;18.60
2024-10-16T18:52:32.392Z;0;33.6;18.60
2024-10-16T18:52:33.392Z;0;33.7;18.60
2024-10-16T18:52:34.397Z;0;33.7;18.60
2024-10-16T18:52:35.392Z;0;33.6;18.60
2024-10-16T18:52:36.392Z;0;33.7;18.60
2024-10-16T18:52:37.393Z;0;33.7;18.60
2024-10-16T18:52:38.392Z;0;33.7;18.60
2024-10-16T18:52:39.393Z;0;33.7;18.60
2024-10-16T18:52:40.392Z;0;33.7;18.60
2024-10-16T18:52:41.394Z;0;33.7;18.60
2024-10-16T18:52:42.394Z;0;33.7;18.60
2024-10-16T18:52:43.393Z;0;33.6;18.60
2024-10-16T18:52:44.387Z;0;33.6;18.60
2024-10-16T18:52:45.393Z;0;33.6;18.60
2024-10-16T18:52:46.394Z;0;33.7;18.60
2024-10-16T18:52:47.395Z;0;33.7;18.60
2024-10-16T18:52:48.395Z;0;33.7;18.60
2024-10-16T18:52:49.390Z;0;33.8;18.60
2024-10-16T18:52:50.392Z;0;33.8;18.60
2024-10-16T18:52:51.391Z;0;33.9;18.60
2024-10-16T18:52:52.392Z;0;33.9;18.60
2024-10-16T18:52:53.393Z;0;33.9;18.60
2024-10-16T18:52:54.391Z;0;34.1;18.60
2024-10-16T18:52:55.389Z;0;34.1;18.60
2024-10-16T18:52:56.391Z;0;34.2;18.60
2024-10-16T18:52:57.391Z;0;34.2;18.60
2024-10-16T18:52:58.391Z;0;34.3;18.60
2024-10-16T18:52:59.395Z;0;34.2;18.60
2024-10-16T18:53:00.391Z;0;34.2;18.60
2024-10-16T18:53:01.395Z;0;34.2;18.60
2024-10-16T18:53:02.391Z;0;34.4;18.60
2024-10-16T18:53:03.390Z;0;34.4;18.60
2024-10-16T18:53:04.391Z;0;34.2;18.60
2024-10-16T18:53:05.393Z;0;34.2;18.60
2024-10-16T18:53:06.392Z;0;34.2;18.60
2024-10-16T18:53:07.394Z;0;34.1;18.60
2024-10-16T18:53:08.389Z;0;34;18.60
2024-10-16T18:53:09.390Z;0;34;18.60
2024-10-16T18:53:10.385Z;0;33.9;18.60
2024-10-16T18:53:11.393Z;0;33.9;18.60
2024-10-16T18:53:12.392Z;0;33.7;18.60
2024-10-16T18:53:13.394Z;0;33.7;18.60
2024-10-16T18:53:14.390Z;0;33.8;18.60
2024-10-16T18:53:15.390Z;0;33.8;18.60
2024-10-16T18:53:16.390Z;0;33.7;18.60
2024-10-16T18:53:17.392Z;0;33.8;18.60
2024-10-16T18:53:18.396Z;0;33.8;18.60
2024-10-16T18:53:19.389Z;0;33.8;18.60
2024-10-16T18:53:20.396Z;0;33.9;18.60
2024-10-16T18:53:21.393Z;0;33.9;18.60
2024-10-16T18:53:22.394Z;0;33.9;18.60
2024-10-16T18:53:23.389Z;0;33.9;18.60
2024-10-16T18:53:24.393Z;0;33.9;18.60
2024-10-16T18:53:25.396Z;0;33.9;18.60
2024-10-16T18:53:26.393Z;0;33.9;18.60
2024-10-16T18:53:27.393Z;0;33.9;18.60
2024-10-16T18:53:28.392Z;0;33.9;18.60
2024-10-16T18:53:29.390Z;0;33.9;18.60
2024-10-16T18:53:30.394Z;0;34;18.60
2024-10-16T18:53:31.388Z;0;34;18.60
2024-10-16T18:53:32.391Z;0;34.2;18.60
2024-10-16T18:53:33.389Z;0;34.2;18.60
2024-10-16T18:53:34.389Z;0;34.2;18.60
2024-10-16T18:53:35.389Z;0;34.2;18.60
2024-10-16T18:53:36.391Z;0;34.2;18.60
2024-10-16T18:53:37.389Z;0;34.1;18.60
2024-10-16T18:53:38.389Z;0;34.1;18.60
2024-10-16T18:53:39.393Z;0;34.1;18.60
2024-10-16T18:53:40.388Z;0;34.1;18.60
2024-10-16T18:53:41.392Z;0;34.1;18.60
2024-10-16T18:53:42.396Z;0;34;18.60
2024-10-16T18:53:43.394Z;0;33.9;18.60
2024-10-16T18:53:44.393Z;0;33.9;18.60
2024-10-16T18:53:45.388Z;0;33.9;18.60
2024-10-16T18:53:46.388Z;0;33.9;18.60
2024-10-16T18:53:47.388Z;0;33.9;18.60
2024-10-16T18:53:48.388Z;0;33.9;18.60
2024-10-16T18:53:49.394Z;0;33.9;18.60
2024-10-16T18:53:50.389Z;0;33.8;18.60
2024-10-16T18:53:51.387Z;0;33.8;18.60
2024-10-16T18:53:52.388Z;0;33.8;18.60
2024-10-16T18:53:53.383Z;0;33.8;18.60
2024-10-16T18:53:54.384Z;0;33.8;18.60
2024-10-16T18:53:55.387Z;0;33.8;18.60
2024-10-16T18:53:56.385Z;0;33.9;18.60
2024-10-16T18:53:57.383Z;0;33.9;18.60
2024-10-16T18:53:58.382Z;0;33.9;18.60
2024-10-16T18:53:59.384Z;0;33.9;18.60
2024-10-16T18:54:00.384Z;0;33.9;18.60
2024-10-16T18:54:01.384Z;0;33.9;18.60
2024-10-16T18:54:02.388Z;0;33.8;18.60
2024-10-16T18:54:03.382Z;0;33.9;18.60
2024-10-16T18:54:04.386Z;0;33.8;18.60
2024-10-16T18:54:05.384Z;0;33.8;18.60
2024-10-16T18:54:06.384Z;0;33.8;18.60
2024-10-16T18:54:07.383Z;0;33.7;18.60
2024-10-16T18:54:08.383Z;0;33.7;18.60
2024-10-16T18:54:09.383Z;0;33.8;18.60
2024-10-16T18:54:10.385Z;0;33.8;18.60
2024-10-16T18:54:11.383Z;0;33.8;18.60
2024-10-16T18:54:12.383Z;0;33.8;18.60
2024-10-16T18:54:13.384Z;0;33.9;18.60
2024-10-16T18:54:14.387Z;0;33.9;18.60
2024-10-16T18:54:15.384Z;0;34;18.60
2024-10-16T18:54:16.383Z;0;34;18.60
2024-10-16T18:54:17.382Z;0;34;18.60
2024-10-16T18:54:18.388Z;0;34;18.60
2024-10-16T18:54:19.384Z;0;33.9;18.60
2024-10-16T18:54:20.384Z;0;34.1;18.60
2024-10-16T18:54:21.384Z;0;34.1;18.60
2024-10-16T18:54:22.383Z;0;34;18.60
2024-10-16T18:54:23.388Z;0;34.1;18.60
2024-10-16T18:54:24.388Z;0;34.1;18.60
2024-10-16T18:54:25.381Z;0;34;18.60
2024-10-16T18:54:26.386Z;0;34;18.60
2024-10-16T18:54:27.385Z;0;34;18.60
2024-10-16T18:54:28.383Z;0;34.1;18.60
2024-10-16T18:54:29.381Z;0;34.1;18.60
2024-10-16T18:54:30.384Z;0;33.9;18.60
2024-10-16T18:54:31.385Z;0;33.9;18.60
2024-10-16T18:54:32.382Z;0;33.9;18.60
2024-10-16T18:54:33.383Z;0;33.8;18.60
2024-10-16T18:54:34.384Z;0;33.8;18.60
2024-10-16T18:54:35.390Z;0;33.8;18.60
2024-10-16T18:54:36.386Z;0;33.8;18.60
2024-10-16T18:54:37.384Z;0;33.8;18.60
2024-10-16T18:54:38.392Z;0;33.8;18.60
2024-10-16T18:54:39.383Z;0;33.9;18.60
2024-10-16T18:54:40.385Z;0;34;18.60
2024-10-16T18:54:41.382Z;0;34.1;18.60
2024-10-16T18:54:42.384Z;0;34.1;18.60
2024-10-16T18:54:43.386Z;0;34.1;18.60
2024-10-16T18:54:44.385Z;0;34.1;18.60
2024-10-16T18:54:45.384Z;0;34.2;18.60
2024-10-16T18:54:46.390Z;0;34.2;18.60
2024-10-16T18:54:47.382Z;0;34.2;18.60
2024-10-16T18:54:48.387Z;0;34.3;18.60
2024-10-16T18:54:49.381Z;0;34.2;18.60
2024-10-16T18:54:50.381Z;0;34.2;18.60
2024-10-16T18:54:51.382Z;0;34.2;18.60
2024-10-16T18:54:52.384Z;0;34.2;18.60
2024-10-16T18:54:53.387Z;0;34.2;18.60
2024-10-16T18:54:54.391Z;0;34.2;18.60
2024-10-16T18:54:55.384Z;0;34.2;18.60
2024-10-16T18:54:56.384Z;0;34.2;18.60
2024-10-16T18:54:57.384Z;0;34.2;18.60
2024-10-16T18:54:58.383Z;0;34.2;18.60
2024-10-16T18:54:59.387Z;0;34.2;18.60
2024-10-16T18:55:00.384Z;0;34.1;18.60
2024-10-16T18:55:01.391Z;0;34.1;18.60
2024-10-16T18:55:02.384Z;0;34.1;18.60
2024-10-16T18:55:03.386Z;0;34.2;18.60
2024-10-16T18:55:04.385Z;0;34.2;18.60
2024-10-16T18:55:05.389Z;0;34.2;18.60
2024-10-16T18:55:06.388Z;0;34.2;18.60
2024-10-16T18:55:07.387Z;0;34.2;18.60
2024-10-16T18:55:08.384Z;0;34.1;18.60
2024-10-16T18:55:09.384Z;0;34.1;18.60
2024-10-16T18:55:10.385Z;0;34.2;18.60
2024-10-16T18:55:11.382Z;0;34.2;18.60
2024-10-16T18:55:12.384Z;0;34.2;18.60
2024-10-16T18:55:13.383Z;0;34.1;18.60
2024-10-16T18:55:14.383Z;0;34.1;18.60
2024-10-16T18:55:15.382Z;0;34.1;18.60
2024-10-16T18:55:16.383Z;0;34.1;18.60
2024-10-16T18:55:17.387Z;0;34;18.60
2024-10-16T18:55:18.383Z;0;34.1;18.60
2024-10-16T18:55:19.383Z;0;34;18.60
2024-10-16T18:55:20.384Z;0;34;18.60
2024-10-16T18:55:21.383Z;0;34;18.60
2024-10-16T18:55:22.385Z;0;34;18.60
2024-10-16T18:55:23.386Z;0;34.1;18.60
2024-10-16T18:55:24.378Z;0;34.1;18.60
2024-10-16T18:55:25.387Z;0;34.1;18.60
2024-10-16T18:55:26.387Z;0;34.1;18.60
2024-10-16T18:55:27.384Z;0;34.1;18.60
2024-10-16T18:55:28.382Z;0;34.1;18.60
2024-10-16T18:55:29.381Z;0;34.1;18.60
2024-10-16T18:55:30.383Z;0;34;18.60
2024-10-16T18:55:31.383Z;0;34;18.60
2024-10-16T18:55:32.386Z;0;33.9;18.60
2024-10-16T18:55:33.383Z;0;34;18.60
2024-10-16T18:55:34.382Z;0;34;18.60
2024-10-16T18:55:35.382Z;0;33.9;18.60
2024-10-16T18:55:36.381Z;0;34.1;18.60
2024-10-16T18:55:37.383Z;0;34;18.60
2024-10-16T18:55:38.383Z;0;34;18.60
2024-10-16T18:55:39.382Z;0;34;18.60
2024-10-16T18:55:40.379Z;0;34;18.60
2024-10-16T18:55:41.381Z;0;34;18.60
2024-10-16T18:55:42.382Z;0;34;18.60
2024-10-16T18:55:43.382Z;0;33.9;18.60
2024-10-16T18:55:44.382Z;0;33.9;18.60
2024-10-16T18:55:45.381Z;0;33.9;18.60
2024-10-16T18:55:46.383Z;0;33.7;18.60
2024-10-16T18:55:47.382Z;0;33.7;18.60
2024-10-16T18:55:48.382Z;0;33.8;18.60
2024-10-16T18:55:49.381Z;0;33.8;18.60
2024-10-16T18:55:50.381Z;0;33.8;18.60
2024-10-16T18:55:51.383Z;0;33.8;18.60
2024-10-16T18:55:52.384Z;0;33.9;18.60
2024-10-16T18:55:53.382Z;0;33.8;18.60
2024-10-16T18:55:54.379Z;0;33.8;18.60
2024-10-16T18:55:55.385Z;0;33.7;18.60
2024-10-16T18:55:56.381Z;0;33.8;18.60
2024-10-16T18:55:57.380Z;0;33.7;18.60
2024-10-16T18:55:58.382Z;0;33.7;18.60
2024-10-16T18:55:59.380Z;0;33.7;18.60
2024-10-16T18:56:00.385Z;0;33.7;18.60
2024-10-16T18:56:01.384Z;0;33.7;18.60
2024-10-16T18:56:02.380Z;0;33.7;18.60
2024-10-16T18:56:03.380Z;0;33.8;18.60
2024-10-16T18:56:04.380Z;0;33.9;18.60
2024-10-16T18:56:05.381Z;0;34.1;18.60
2024-10-16T18:56:06.379Z;0;34.2;18.60
2024-10-16T18:56:07.380Z;0;34.2;18.60
2024-10-16T18:56:08.380Z;0;34.3;18.60
2024-10-16T18:56:09.383Z;0;34.3;18.60
2024-10-16T18:56:10.379Z;0;34.3;18.60
2024-10-16T18:56:11.380Z;0;34.3;18.60
2024-10-16T18:56:12.381Z;0;34.3;18.60
2024-10-16T18:56:13.383Z;0;34.2;18.60
2024-10-16T18:56:14.381Z;0;34.1;18.60
2024-10-16T18:56:15.380Z;0;34;18.60
2024-10-16T18:56:16.385Z;0;34;18.60
2024-10-16T18:56:17.384Z;0;34;18.60
2024-10-16T18:56:18.384Z;0;34;18.60
2024-10-16T18:56:19.379Z;0;34;18.60
2024-10-16T18:56:20.382Z;0;34;18.60
2024-10-16T18:56:21.384Z;0;34;18.60
2024-10-16T18:56:22.379Z;0;33.9;18.60
2024-10-16T18:56:23.382Z;0;34;18.60
2024-10-16T18:56:24.378Z;0;34;18.60
2024-10-16T18:56:25.380Z;0;34;18.60
2024-10-16T18:56:26.379Z;0;33.9;18.60
2024-10-16T18:56:27.378Z;0;34;18.60
2024-10-16T18:56:28.383Z;0;33.9;18.60
2024-10-16T18:56:29.378Z;0;33.9;18.60
2024-10-16T18:56:30.379Z;0;33.8;18.60
2024-10-16T18:56:31.382Z;0;33.8;18.60
2024-10-16T18:56:32.385Z;0;33.8;18.60
2024-10-16T18:56:33.381Z;0;33.7;18.60
2024-10-16T18:56:34.382Z;0;33.8;18.60
2024-10-16T18:56:35.376Z;0;33.8;18.60
2024-10-16T18:56:36.380Z;0;33.9;18.60
2024-10-16T18:56:37.378Z;0;33.8;18.60
2024-10-16T18:56:38.379Z;0;33.8;18.60
2024-10-16T18:56:39.385Z;0;33.9;18.60
2024-10-16T18:56:40.383Z;0;34;18.60
2024-10-16T18:56:41.378Z;0;34.2;18.60
2024-10-16T18:56:42.380Z;0;34.2;18.60
2024-10-16T18:56:43.390Z;0;34.3;18.60
2024-10-16T18:56:44.379Z;0;34.2;18.60
2024-10-16T18:56:45.377Z;0;34.1;18.60
2024-10-16T18:56:46.383Z;0;34.2;18.60
2024-10-16T18:56:47.380Z;0;34.2;18.60
2024-10-16T18:56:48.379Z;0;34.3;18.60
2024-10-16T18:56:49.377Z;0;34.2;18.60
2024-10-16T18:56:50.372Z;0;34.2;18.60
2024-10-16T18:56:51.378Z;0;34.1;18.60
2024-10-16T18:56:52.382Z;0;34.1;18.60
2024-10-16T18:56:53.378Z;0;34.1;18.60
2024-10-16T18:56:54.378Z;0;34.1;18.60
2024-10-16T18:56:55.379Z;0;34.1;18.60
2024-10-16T18:56:56.378Z;0;34.1;18.60
2024-10-16T18:56:57.377Z;0;34.1;18.60
2024-10-16T18:56:58.378Z;0;34.1;18.60
2024-10-16T18:56:59.379Z;0;34.2;18.60
2024-10-16T18:57:00.381Z;0;34.2;18.60
2024-10-16T18:57:01.378Z;0;34.2;18.60
2024-10-16T18:57:02.382Z;0;34.2;18.60
2024-10-16T18:57:03.377Z;0;34.2;18.60
2024-10-16T18:57:04.378Z;0;34.2;18.60
2024-10-16T18:57:05.380Z;0;34.3;18.60
2024-10-16T18:57:06.383Z;0;34.3;18.60
2024-10-16T18:57:07.378Z;0;34.3;18.60
2024-10-16T18:57:08.374Z;0;34.3;18.60
2024-10-16T18:57:09.378Z;0;34.3;18.60
2024-10-16T18:57:10.378Z;0;34.2;18.60
2024-10-16T18:57:11.378Z;0;34.2;18.60
2024-10-16T18:57:12.376Z;0;34.2;18.60
2024-10-16T18:57:13.380Z;0;34.3;18.60
2024-10-16T18:57:14.377Z;0;34.2;18.60
2024-10-16T18:57:15.385Z;0;34.2;18.60
2024-10-16T18:57:16.376Z;0;34.2;18.60
2024-10-16T18:57:17.377Z;0;34.1;18.60
2024-10-16T18:57:18.374Z;0;34.1;18.60
2024-10-16T18:57:19.376Z;0;34.1;18.60
2024-10-16T18:57:20.377Z;0;34.2;18.60
2024-10-16T18:57:21.377Z;0;34.1;18.60
2024-10-16T18:57:22.377Z;0;34.1;18.60
2024-10-16T18:57:23.377Z;0;34.1;18.60
2024-10-16T18:57:24.374Z;0;34.1;18.60
2024-10-16T18:57:25.376Z;0;34.1;18.60
2024-10-16T18:57:26.379Z;0;34;18.60
2024-10-16T18:57:27.375Z;0;34.1;18.60
2024-10-16T18:57:28.378Z;0;34.1;18.60
2024-10-16T18:57:29.377Z;0;34;18.60
2024-10-16T18:57:30.375Z;0;34.1;18.60
2024-10-16T18:57:31.378Z;0;34.1;18.60
2024-10-16T18:57:32.376Z;0;34;18.60
2024-10-16T18:57:33.378Z;0;34.1;18.60
2024-10-16T18:57:34.376Z;0;34;18.60
2024-10-16T18:57:35.381Z;0;34.2;18.60
2024-10-16T18:57:36.375Z;0;34.3;18.60
2024-10-16T18:57:37.378Z;0;34.2;18.60
2024-10-16T18:57:38.381Z;0;34.3;18.60
2024-10-16T18:57:39.371Z;0;34.3;18.60
2024-10-16T18:57:40.376Z;0;34.3;18.60
2024-10-16T18:57:41.379Z;0;34.4;18.60
2024-10-16T18:57:42.374Z;0;34.4;18.60
2024-10-16T18:57:43.381Z;0;34.4;18.60
2024-10-16T18:57:44.378Z;0;34.5;18.60
2024-10-16T18:57:45.375Z;0;34.3;18.60
2024-10-16T18:57:46.376Z;0;34.3;18.60
2024-10-16T18:57:47.375Z;0;34.4;18.60
2024-10-16T18:57:48.375Z;0;34.4;18.60
2024-10-16T18:57:49.378Z;0;34.5;18.60
2024-10-16T18:57:50.376Z;0;34.4;18.60
2024-10-16T18:57:51.371Z;0;34.4;18.60
2024-10-16T18:57:52.379Z;0;34.4;18.60
2024-10-16T18:57:53.375Z;0;34.5;18.60
2024-10-16T18:57:54.371Z;0;34.5;18.60
2024-10-16T18:57:55.375Z;0;34.5;18.60
2024-10-16T18:57:56.371Z;0;34.5;18.60
2024-10-16T18:57:57.374Z;0;34.4;18.60
2024-10-16T18:57:58.371Z;0;34.4;18.60
2024-10-16T18:57:59.370Z;0;34.3;18.60
2024-10-16T18:58:00.375Z;0;34.4;18.60
2024-10-16T18:58:01.376Z;0;34.3;18.60
2024-10-16T18:58:02.374Z;0;34.4;18.60
2024-10-16T18:58:03.373Z;0;34.3;18.60
2024-10-16T18:58:04.375Z;0;34.2;18.60
2024-10-16T18:58:05.373Z;0;34.2;18.60
2024-10-16T18:58:06.369Z;0;34.2;18.60
2024-10-16T18:58:07.370Z;0;34.2;18.60
2024-10-16T18:58:08.370Z;0;34.3;18.60
2024-10-16T18:58:09.372Z;0;34.3;18.60
2024-10-16T18:58:10.370Z;0;34.3;18.60
2024-10-16T18:58:11.368Z;0;34.5;18.60
2024-10-16T18:58:12.368Z;0;34.5;18.60
2024-10-16T18:58:13.371Z;0;34.5;18.60
2024-10-16T18:58:14.369Z;0;34.5;18.60
2024-10-16T18:58:15.377Z;0;34.5;18.60
2024-10-16T18:58:16.370Z;0;34.5;18.60
2024-10-16T18:58:17.368Z;0;34.5;18.60
2024-10-16T18:58:18.373Z;0;34.6;18.60
2024-10-16T18:58:19.373Z;0;34.5;18.60
2024-10-16T18:58:20.369Z;0;34.5;18.60
2024-10-16T18:58:21.372Z;0;34.4;18.60
2024-10-16T18:58:22.369Z;0;34.4;18.60
2024-10-16T18:58:23.366Z;0;34.4;18.60
2024-10-16T18:58:24.368Z;0;34.4;18.60
2024-10-16T18:58:25.367Z;0;34.5;18.60
2024-10-16T18:58:26.371Z;0;34.5;18.60
2024-10-16T18:58:27.371Z;0;34.3;18.60
2024-10-16T18:58:28.368Z;0;34.3;18.60
2024-10-16T18:58:29.366Z;0;34.3;18.60
2024-10-16T18:58:30.370Z;0;34.2;18.60
2024-10-16T18:58:31.368Z;0;34.3;18.60
2024-10-16T18:58:32.371Z;0;34.3;18.60
2024-10-16T18:58:33.368Z;0;34.3;18.60
2024-10-16T18:58:34.369Z;0;34.2;18.60
2024-10-16T18:58:35.371Z;0;34.2;18.60
2024-10-16T18:58:36.374Z;0;34.2;18.60
2024-10-16T18:58:37.369Z;0;34.3;18.60
2024-10-16T18:58:38.370Z;0;34.3;18.60
2024-10-16T18:58:39.371Z;0;34.2;18.60
2024-10-16T18:58:40.371Z;0;34.2;18.60
2024-10-16T18:58:41.369Z;0;34.2;18.60
2024-10-16T18:58:42.368Z;0;34.1;18.60
2024-10-16T18:58:43.366Z;0;34.1;18.60
2024-10-16T18:58:44.366Z;0;34.1;18.60
2024-10-16T18:58:45.368Z;0;34.1;18.60
2024-10-16T18:58:46.370Z;0;34.2;18.60
2024-10-16T18:58:47.372Z;0;34.2;18.60
2024-10-16T18:58:48.369Z;0;34.1;18.60
2024-10-16T18:58:49.368Z;0;34.1;18.60
2024-10-16T18:58:50.373Z;0;34.1;18.60
2024-10-16T18:58:51.368Z;0;34;18.60
2024-10-16T18:58:52.366Z;0;34;18.60
2024-10-16T18:58:53.366Z;0;34;18.60
2024-10-16T18:58:54.371Z;0;34;18.60
2024-10-16T18:58:55.371Z;0;34;18.60
2024-10-16T18:58:56.371Z;0;33.8;18.60
2024-10-16T18:58:57.366Z;0;33.8;18.60
2024-10-16T18:58:58.369Z;0;33.8;18.60
2024-10-16T18:58:59.368Z;0;33.9;18.60
2024-10-16T18:59:00.369Z;0;33.9;18.60
2024-10-16T18:59:01.374Z;0;33.8;18.60
2024-10-16T18:59:02.373Z;0;33.9;18.60
2024-10-16T18:59:03.372Z;0;33.9;18.60
2024-10-16T18:59:04.368Z;0;33.9;18.60
2024-10-16T18:59:05.373Z;0;33.9;18.60
2024-10-16T18:59:06.370Z;0;34;18.60
2024-10-16T18:59:07.371Z;0;34;18.60
2024-10-16T18:59:08.370Z;0;34;18.60
2024-10-16T18:59:09.369Z;0;34;18.60
2024-10-16T18:59:10.370Z;0;34;18.60
2024-10-16T18:59:11.374Z;0;34.1;18.60
2024-10-16T18:59:12.370Z;0;34;18.60
2024-10-16T18:59:13.371Z;0;33.9;18.60
2024-10-16T18:59:14.371Z;0;33.9;18.60
2024-10-16T18:59:15.365Z;0;33.9;18.60
2024-10-16T18:59:16.366Z;0;33.9;18.60
2024-10-16T18:59:17.369Z;0;33.9;18.60
2024-10-16T18:59:18.368Z;0;33.9;18.60
2024-10-16T18:59:19.366Z;0;33.9;18.60
2024-10-16T18:59:20.370Z;0;33.9;18.60
2024-10-16T18:59:21.371Z;0;33.9;18.60
2024-10-16T18:59:22.369Z;0;33.9;18.60
2024-10-16T18:59:23.367Z;0;33.9;18.60
2024-10-16T18:59:24.369Z;0;33.9;18.60
2024-10-16T18:59:25.367Z;0;34;18.60
2024-10-16T18:59:26.368Z;0;34;18.60
2024-10-16T18:59:27.368Z;0;33.9;18.60
2024-10-16T18:59:28.373Z;0;33.9;18.60
2024-10-16T18:59:29.371Z;0;33.9;18.60
2024-10-16T18:59:30.371Z;0;33.8;18.60
2024-10-16T18:59:31.370Z;0;33.8;18.60
2024-10-16T18:59:32.369Z;0;33.8;18.60
2024-10-16T18:59:33.367Z;0;33.8;18.60
2024-10-16T18:59:34.372Z;0;33.8;18.60
2024-10-16T18:59:35.368Z;0;33.8;18.60
2024-10-16T18:59:36.363Z;0;33.8;18.60
2024-10-16T18:59:37.371Z;0;33.9;18.60
2024-10-16T18:59:38.372Z;0;33.8;18.60
2024-10-16T18:59:39.372Z;0;33.8;18.60
2024-10-16T18:59:40.372Z;0;33.8;18.60
2024-10-16T18:59:41.368Z;0;33.8;18.60
2024-10-16T18:59:42.370Z;0;33.8;18.60
2024-10-16T18:59:43.370Z;0;33.8;18.60
2024-10-16T18:59:44.375Z;0;33.8;18.60
2024-10-16T18:59:45.374Z;0;33.7;18.60
2024-10-16T18:59:46.367Z;0;33.6;18.60
2024-10-16T18:59:47.373Z;0;33.6;18.60
2024-10-16T18:59:48.368Z;0;33.5;18.60
2024-10-16T18:59:49.372Z;0;33.5;18.60
2024-10-16T18:59:50.367Z;0;33.5;18.60
2024-10-16T18:59:51.366Z;0;33.5;18.60
2024-10-16T18:59:52.368Z;0;33.4;18.60
2024-10-16T18:59:53.368Z;0;33.4;18.60
2024-10-16T18:59:54.369Z;0;33.4;18.60
2024-10-16T18:59:55.367Z;0;33.4;18.60
2024-10-16T18:59:56.367Z;0;33.3;18.60
2024-10-16T18:59:57.373Z;0;33.3;18.60
2024-10-16T18:59:58.362Z;0;33.4;18.60
2024-10-16T18:59:59.361Z;0;33.4;18.60
2024-10-16T19:00:00.362Z;0;33.5;18.60
2024-10-16T19:00:01.362Z;0;33.5;18.60
2024-10-16T19:00:02.365Z;0;33.6;18.60
2024-10-16T19:00:03.369Z;0;33.6;18.60
2024-10-16T19:00:04.366Z;0;33.7;18.60
2024-10-16T19:00:05.366Z;0;33.8;18.60
2024-10-16T19:00:06.369Z;0;33.9;18.60
2024-10-16T19:00:07.366Z;0;34.1;18.60
2024-10-16T19:00:08.366Z;0;34.2;18.60
2024-10-16T19:00:09.366Z;0;34.2;18.60
2024-10-16T19:00:10.365Z;0;34.2;18.60
2024-10-16T19:00:11.369Z;0;34.3;18.60
2024-10-16T19:00:12.366Z;0;34.4;18.60
2024-10-16T19:00:13.367Z;0;34.4;18.60
2024-10-16T19:00:14.367Z;0;34.3;18.60
2024-10-16T19:00:15.365Z;0;34.5;18.60
2024-10-16T19:00:16.369Z;0;34.5;18.60
2024-10-16T19:00:17.369Z;0;34.4;18.60
2024-10-16T19:00:18.368Z;0;34.4;18.60
2024-10-16T19:00:19.373Z;0;34.5;18.60
2024-10-16T19:00:20.370Z;0;34.4;18.60
2024-10-16T19:00:21.367Z;0;34.5;18.60
2024-10-16T19:00:22.365Z;0;34.6;18.60
2024-10-16T19:00:23.373Z;0;34.6;18.60
2024-10-16T19:00:24.368Z;0;34.7;18.60
2024-10-16T19:00:25.370Z;0;34.5;18.60
2024-10-16T19:00:26.363Z;0;34.5;18.60
2024-10-16T19:00:27.360Z;0;34.5;18.60
2024-10-16T19:00:28.370Z;0;34.4;18.60
2024-10-16T19:00:29.364Z;0;34.5;18.60
2024-10-16T19:00:30.368Z;0;34.5;18.60
2024-10-16T19:00:31.361Z;0;34.3;18.60
2024-10-16T19:00:32.369Z;0;34.3;18.60
2024-10-16T19:00:33.365Z;0;34.2;18.60
2024-10-16T19:00:34.367Z;0;34.2;18.60
2024-10-16T19:00:35.368Z;0;34.1;18.60
2024-10-16T19:00:36.364Z;0;34.2;18.60
2024-10-16T19:00:37.367Z;0;34.2;18.60
2024-10-16T19:00:38.366Z;0;34.2;18.60
2024-10-16T19:00:39.363Z;0;34.2;18.60
2024-10-16T19:00:40.370Z;0;34.2;18.60
2024-10-16T19:00:41.369Z;0;34.2;18.60
2024-10-16T19:00:42.368Z;0;34.3;18.60
2024-10-16T19:00:43.365Z;0;34.2;18.60
2024-10-16T19:00:44.364Z;0;34.3;18.60
2024-10-16T19:00:45.371Z;0;34.3;18.60
2024-10-16T19:00:46.371Z;0;34.2;18.60
2024-10-16T19:00:47.367Z;0;34.2;18.60
2024-10-16T19:00:48.367Z;0;34.2;18.60
2024-10-16T19:00:49.365Z;0;34.1;18.60
2024-10-16T19:00:50.365Z;0;34.2;18.60
2024-10-16T19:00:51.363Z;0;34.1;18.60
2024-10-16T19:00:52.365Z;0;34.1;18.60
2024-10-16T19:00:53.368Z;0;34;18.60
2024-10-16T19:00:54.366Z;0;34;18.60
2024-10-16T19:00:55.372Z;0;34;18.60
2024-10-16T19:00:56.363Z;0;34;18.60
2024-10-16T19:00:57.363Z;0;34;18.60
2024-10-16T19:00:58.366Z;0;34;18.60
2024-10-16T19:00:59.370Z;0;34;18.60
2024-10-16T19:01:00.366Z;0;34;18.60
2024-10-16T19:01:01.363Z;0;34;18.60
2024-10-16T19:01:02.366Z;0;34.1;18.60
2024-10-16T19:01:03.368Z;0;34.1;18.60
2024-10-16T19:01:04.367Z;0;34.2;18.60
2024-10-16T19:01:05.365Z;0;34.1;18.60
2024-10-16T19:01:06.368Z;0;34;18.60
2024-10-16T19:01:07.361Z;0;34;18.60
2024-10-16T19:01:08.363Z;0;34;18.60
2024-10-16T19:01:09.364Z;0;34;18.60
2024-10-16T19:01:10.368Z;0;33.9;18.60
2024-10-16T19:01:11.363Z;0;33.9;18.60
2024-10-16T19:01:12.369Z;0;33.8;18.60
2024-10-16T19:01:13.366Z;0;33.8;18.60
2024-10-16T19:01:14.366Z;0;33.7;18.60
2024-10-16T19:01:15.362Z;0;33.6;18.60
2024-10-16T19:01:16.364Z;0;33.6;18.60
2024-10-16T19:01:17.362Z;0;33.6;18.60
2024-10-16T19:01:18.365Z;0;33.6;18.60
2024-10-16T19:01:19.362Z;0;33.6;18.60
2024-10-16T19:01:20.365Z;0;33.6;18.60
2024-10-16T19:01:21.367Z;0;33.7;18.60
2024-10-16T19:01:22.367Z;0;33.7;18.60
2024-10-16T19:01:23.364Z;0;33.6;18.60
2024-10-16T19:01:24.368Z;0;33.6;18.60
2024-10-16T19:01:25.365Z;0;33.8;18.60
2024-10-16T19:01:26.365Z;0;33.8;18.60
2024-10-16T19:01:27.363Z;0;33.8;18.60
2024-10-16T19:01:28.364Z;0;33.8;18.60
2024-10-16T19:01:29.365Z;0;33.7;18.60
2024-10-16T19:01:30.362Z;0;33.8;18.60
2024-10-16T19:01:31.362Z;0;33.8;18.60
2024-10-16T19:01:32.368Z;0;33.7;18.60
2024-10-16T19:01:33.368Z;0;33.8;18.60
2024-10-16T19:01:34.367Z;0;33.8;18.60
2024-10-16T19:01:35.369Z;0;33.8;18.60
2024-10-16T19:01:36.369Z;0;33.8;18.60
2024-10-16T19:01:37.360Z;0;33.8;18.60
2024-10-16T19:01:38.364Z;0;33.9;18.60
2024-10-16T19:01:39.360Z;0;33.9;18.60
2024-10-16T19:01:40.361Z;0;33.9;18.60
2024-10-16T19:01:41.362Z;0;33.9;18.60
2024-10-16T19:01:42.362Z;0;34;18.60
2024-10-16T19:01:43.361Z;0;34;18.60
2024-10-16T19:01:44.360Z;0;34.1;18.60
2024-10-16T19:01:45.360Z;0;34.1;18.60
2024-10-16T19:01:46.365Z;0;34.2;18.60
2024-10-16T19:01:47.368Z;0;34.3;18.60
2024-10-16T19:01:48.361Z;0;34.3;18.60
2024-10-16T19:01:49.364Z;0;34.3;18.60
2024-10-16T19:01:50.362Z;0;34.3;18.60
2024-10-16T19:01:51.361Z;0;34.3;18.60
2024-10-16T19:01:52.363Z;0;34.3;18.60
2024-10-16T19:01:53.360Z;0;34.3;18.60
2024-10-16T19:01:54.361Z;0;34.3;18.60
2024-10-16T19:01:55.358Z;0;34.2;18.60
2024-10-16T19:01:56.365Z;0;34.2;18.60
2024-10-16T19:01:57.359Z;0;34.2;18.60
2024-10-16T19:01:58.360Z;0;34.2;18.60
2024-10-16T19:01:59.360Z;0;34.2;18.60
2024-10-16T19:02:00.361Z;0;34;18.60
2024-10-16T19:02:01.360Z;0;34;18.60
2024-10-16T19:02:02.360Z;0;34.1;18.60
2024-10-16T19:02:03.360Z;0;34.1;18.60
2024-10-16T19:02:04.360Z;0;34.1;18.60
2024-10-16T19:02:05.360Z;0;34;18.60
2024-10-16T19:02:06.360Z;0;34;18.60
2024-10-16T19:02:07.361Z;0;34;18.60
2024-10-16T19:02:08.364Z;0;34.1;18.60
2024-10-16T19:02:09.366Z;0;34.1;18.60
2024-10-16T19:02:10.356Z;0;34.3;18.60
2024-10-16T19:02:11.360Z;0;34.2;18.60
2024-10-16T19:02:12.359Z;0;34.2;18.60
2024-10-16T19:02:13.358Z;0;34.1;18.60
2024-10-16T19:02:14.359Z;0;34.2;18.60
2024-10-16T19:02:15.359Z;0;34.2;18.60
2024-10-16T19:02:16.363Z;0;34.2;18.60
2024-10-16T19:02:17.365Z;0;34.1;18.60
2024-10-16T19:02:18.360Z;0;34.1;18.60
2024-10-16T19:02:19.361Z;0;34;18.60
2024-10-16T19:02:20.360Z;0;33.9;18.60
2024-10-16T19:02:21.362Z;0;33.9;18.60
2024-10-16T19:02:22.362Z;0;34;18.60
2024-10-16T19:02:23.358Z;0;34;18.60
2024-10-16T19:02:24.359Z;0;33.9;18.60
2024-10-16T19:02:25.363Z;0;34;18.60
2024-10-16T19:02:26.364Z;0;33.9;18.60
2024-10-16T19:02:27.364Z;0;33.8;18.60
2024-10-16T19:02:28.358Z;0;33.8;18.60
2024-10-16T19:02:29.358Z;0;33.9;18.60
2024-10-16T19:02:30.358Z;0;33.8;18.60
2024-10-16T19:02:31.359Z;0;33.7;18.60
2024-10-16T19:02:32.357Z;0;33.7;18.60
2024-10-16T19:02:33.364Z;0;33.6;18.60
2024-10-16T19:02:34.361Z;0;33.5;18.60
2024-10-16T19:02:35.358Z;0;33.5;18.60
2024-10-16T19:02:36.357Z;0;33.5;18.60
2024-10-16T19:02:37.358Z;0;33.6;18.60
2024-10-16T19:02:38.358Z;0;33.6;18.60
2024-10-16T19:02:39.358Z;0;33.7;18.60
2024-10-16T19:02:40.358Z;0;33.9;18.60
2024-10-16T19:02:41.360Z;0;34;18.60
2024-10-16T19:02:42.358Z;0;34;18.60
2024-10-16T19:02:43.361Z;0;34.1;18.60
2024-10-16T19:02:44.359Z;0;34.3;18.60
2024-10-16T19:02:45.363Z;0;34.3;18.60
2024-10-16T19:02:46.356Z;0;34.3;18.60
2024-10-16T19:02:47.362Z;0;34.3;18.60
2024-10-16T19:02:48.356Z;0;34.3;18.60
2024-10-16T19:02:49.358Z;0;34.2;18.60
2024-10-16T19:02:50.358Z;0;34.2;18.60
2024-10-16T19:02:51.357Z;0;34.1;18.60
2024-10-16T19:02:52.356Z;0;34.1;18.60
2024-10-16T19:02:53.359Z;0;34;18.60
2024-10-16T19:02:54.363Z;0;33.9;18.60
2024-10-16T19:02:55.348Z;0;33.9;18.60
2024-10-16T19:02:56.350Z;0;33.9;18.60
2024-10-16T19:02:57.354Z;0;33.9;18.60
2024-10-16T19:02:58.352Z;0;33.9;18.60
2024-10-16T19:02:59.355Z;0;33.8;18.60
2024-10-16T19:03:00.353Z;0;33.9;18.60
2024-10-16T19:03:01.353Z;0;34;18.60
2024-10-16T19:03:02.351Z;0;34;18.60
2024-10-16T19:03:03.346Z;0;34;18.60
2024-10-16T19:03:04.351Z;0;34.1;18.60
2024-10-16T19:03:05.349Z;0;34.1;18.60
2024-10-16T19:03:06.350Z;0;34;18.60
2024-10-16T19:03:07.352Z;0;34;18.60
2024-10-16T19:03:08.348Z;0;34;18.60
2024-10-16T19:03:09.348Z;0;34.1;18.60
2024-10-16T19:03:10.347Z;0;34.1;18.60
2024-10-16T19:03:11.352Z;0;34;18.60
2024-10-16T19:03:12.348Z;0;34;18.60
2024-10-16T19:03:13.347Z;0;34;18.60
2024-10-16T19:03:14.350Z;0;34;18.60
2024-10-16T19:03:15.348Z;0;34;18.60
2024-10-16T19:03:16.348Z;0;34;18.60
2024-10-16T19:03:17.347Z;0;34.1;18.60
2024-10-16T19:03:18.347Z;0;34.1;18.60
2024-10-16T19:03:19.343Z;0;34.1;18.60
2024-10-16T19:03:20.350Z;0;34.1;18.60
2024-10-16T19:03:21.347Z;0;34.2;18.60
2024-10-16T19:03:22.348Z;0;34.2;18.60
2024-10-16T19:03:23.350Z;0;34.1;18.60
2024-10-16T19:03:24.352Z;0;34.1;18.60
2024-10-16T19:03:25.347Z;0;34.2;18.60
2024-10-16T19:03:26.346Z;0;34.2;18.60
2024-10-16T19:03:27.350Z;0;34.2;18.60
2024-10-16T19:03:28.350Z;0;34.2;18.60
2024-10-16T19:03:29.347Z;0;34.2;18.60
2024-10-16T19:03:30.345Z;0;34.2;18.60
2024-10-16T19:03:31.349Z;0;34.2;18.60
2024-10-16T19:03:32.346Z;0;34.2;18.60
2024-10-16T19:03:33.350Z;0;34.3;18.60
2024-10-16T19:03:34.348Z;0;34.4;18.60
2024-10-16T19:03:35.351Z;0;34.4;18.60
2024-10-16T19:03:36.347Z;0;34.5;18.60
2024-10-16T19:03:37.349Z;0;34.5;18.60
2024-10-16T19:03:38.345Z;0;34.5;18.60
2024-10-16T19:03:39.341Z;0;34.5;18.60
2024-10-16T19:03:40.348Z;0;34.4;18.60
2024-10-16T19:03:41.346Z;0;34.4;18.60
2024-10-16T19:03:42.347Z;0;34.4;18.60
2024-10-16T19:03:43.347Z;0;34.3;18.60
2024-10-16T19:03:44.350Z;0;34.2;18.60
2024-10-16T19:03:45.345Z;0;34.1;18.60
2024-10-16T19:03:46.351Z;0;34;18.60
2024-10-16T19:03:47.344Z;0;34;18.60
2024-10-16T19:03:48.348Z;0;33.9;18.60
2024-10-16T19:03:49.347Z;0;33.9;18.60
2024-10-16T19:03:50.346Z;0;34.1;18.60
2024-10-16T19:03:51.346Z;0;34;18.60
2024-10-16T19:03:52.346Z;0;34;18.60
2024-10-16T19:03:53.349Z;0;34;18.60
2024-10-16T19:03:54.350Z;0;34;18.60
2024-10-16T19:03:55.353Z;0;34.1;18.60
2024-10-16T19:03:56.356Z;0;34;18.60
2024-10-16T19:03:57.349Z;0;34;18.60
2024-10-16T19:03:58.352Z;0;34.1;18.60
2024-10-16T19:03:59.356Z;0;34.1;18.60
2024-10-16T19:04:00.352Z;0;34;18.60
2024-10-16T19:04:01.355Z;0;33.9;18.60
2024-10-16T19:04:02.352Z;0;33.9;18.60
2024-10-16T19:04:03.354Z;0;33.9;18.60
2024-10-16T19:04:04.354Z;0;33.9;18.60
2024-10-16T19:04:05.354Z;0;33.9;18.60
2024-10-16T19:04:06.352Z;0;33.8;18.60
2024-10-16T19:04:07.351Z;0;33.9;18.60
2024-10-16T19:04:08.358Z;0;33.8;18.60
2024-10-16T19:04:09.353Z;0;33.8;18.60
2024-10-16T19:04:10.352Z;0;33.8;18.60
2024-10-16T19:04:11.352Z;0;33.9;18.60
2024-10-16T19:04:12.351Z;0;33.8;18.60
2024-10-16T19:04:13.355Z;0;33.8;18.60
2024-10-16T19:04:14.351Z;0;33.8;18.60
2024-10-16T19:04:15.350Z;0;33.8;18.60
2024-10-16T19:04:16.350Z;0;33.8;18.60
2024-10-16T19:04:17.351Z;0;33.8;18.60
2024-10-16T19:04:18.352Z;0;33.7;18.60
2024-10-16T19:04:19.350Z;0;33.6;18.60
2024-10-16T19:04:20.351Z;0;33.6;18.60
2024-10-16T19:04:21.357Z;0;33.5;18.60
2024-10-16T19:04:22.359Z;0;33.5;18.60
2024-10-16T19:04:23.350Z;0;33.5;18.60
2024-10-16T19:04:24.351Z;0;33.5;18.60
2024-10-16T19:04:25.350Z;0;33.6;18.60
2024-10-16T19:04:26.351Z;0;33.6;18.60
2024-10-16T19:04:27.352Z;0;33.7;18.60
2024-10-16T19:04:28.351Z;0;33.7;18.60
2024-10-16T19:04:29.357Z;0;33.8;18.60
2024-10-16T19:04:30.356Z;0;33.9;18.60
2024-10-16T19:04:31.354Z;0;34;18.60
2024-10-16T19:04:32.356Z;0;34;18.60
2024-10-16T19:04:33.351Z;0;34;18.60
2024-10-16T19:04:34.354Z;0;34;18.60
2024-10-16T19:04:35.353Z;0;33.9;18.60
2024-10-16T19:04:36.351Z;0;33.8;18.60
2024-10-16T19:04:37.354Z;0;33.8;18.60
2024-10-16T19:04:38.354Z;0;33.9;18.60
2024-10-16T19:04:39.354Z;0;33.9;18.60
2024-10-16T19:04:40.351Z;0;33.9;18.60
2024-10-16T19:04:41.354Z;0;33.8;18.60
2024-10-16T19:04:42.350Z;0;33.9;18.60
2024-10-16T19:04:43.352Z;0;33.8;18.60
2024-10-16T19:04:44.350Z;0;33.8;18.60
2024-10-16T19:04:45.349Z;0;33.9;18.60
2024-10-16T19:04:46.355Z;0;33.9;18.60
2024-10-16T19:04:47.351Z;0;33.9;18.60
2024-10-16T19:04:48.354Z;0;33.8;18.60
2024-10-16T19:04:49.348Z;0;33.8;18.60
2024-10-16T19:04:50.350Z;0;33.8;18.60
2024-10-16T19:04:51.349Z;0;33.8;18.60
2024-10-16T19:04:52.352Z;0;33.8;18.60
2024-10-16T19:04:53.353Z;0;33.8;18.60
2024-10-16T19:04:54.349Z;0;33.9;18.60
2024-10-16T19:04:55.357Z;0;34;18.60
2024-10-16T19:04:56.355Z;0;34;18.60
2024-10-16T19:04:57.349Z;0;34;18.60
2024-10-16T19:04:58.351Z;0;34.1;18.60
2024-10-16T19:04:59.352Z;0;33.9;18.60
2024-10-16T19:05:00.356Z;0;34;18.60
2024-10-16T19:05:01.350Z;0;34;18.60
2024-10-16T19:05:02.350Z;0;34.1;18.60
2024-10-16T19:05:03.355Z;0;34.1;18.60
2024-10-16T19:05:04.354Z;0;34;18.60
2024-10-16T19:05:05.349Z;0;34;18.60
2024-10-16T19:05:06.351Z;0;33.9;18.60
2024-10-16T19:05:07.351Z;0;33.8;18.60
2024-10-16T19:05:08.348Z;0;33.8;18.60
2024-10-16T19:05:09.355Z;0;33.9;18.60
2024-10-16T19:05:10.349Z;0;33.8;18.60
2024-10-16T19:05:11.357Z;0;33.7;18.60
2024-10-16T19:05:12.352Z;0;33.8;18.60
2024-10-16T19:05:13.355Z;0;33.7;18.60
2024-10-16T19:05:14.347Z;0;33.6;18.60
2024-10-16T19:05:15.351Z;0;33.7;18.60
2024-10-16T19:05:16.350Z;0;33.7;18.60
2024-10-16T19:05:17.350Z;0;33.7;18.60
2024-10-16T19:05:18.346Z;0;33.7;18.60
2024-10-16T19:05:19.348Z;0;33.6;18.60
2024-10-16T19:05:20.349Z;0;33.7;18.60
2024-10-16T19:05:21.349Z;0;33.7;18.60
2024-10-16T19:05:22.347Z;0;33.7;18.60
2024-10-16T19:05:23.348Z;0;33.7;18.60
2024-10-16T19:05:24.348Z;0;33.8;18.60
2024-10-16T19:05:25.353Z;0;33.7;18.60
2024-10-16T19:05:26.348Z;0;33.8;18.60
2024-10-16T19:05:27.351Z;0;33.8;18.60
2024-10-16T19:05:28.347Z;0;33.9;18.60
2024-10-16T19:05:29.350Z;0;34;18.60
2024-10-16T19:05:30.352Z;0;34;18.60
2024-10-16T19:05:31.347Z;0;34;18.60
2024-10-16T19:05:32.348Z;0;34.1;18.60
2024-10-16T19:05:33.349Z;0;34.2;18.60
2024-10-16T19:05:34.352Z;0;34.1;18.60
2024-10-16T19:05:35.346Z;0;34.2;18.60
2024-10-16T19:05:36.347Z;0;34.2;18.60
2024-10-16T19:05:37.350Z;0;34.2;18.60
2024-10-16T19:05:38.347Z;0;34.2;18.60
2024-10-16T19:05:39.346Z;0;34.3;18.60
2024-10-16T19:05:40.347Z;0;34.4;18.60
2024-10-16T19:05:41.350Z;0;34.4;18.60
2024-10-16T19:05:42.352Z;0;34.4;18.60
2024-10-16T19:05:43.349Z;0;34.2;0.00
2024-10-16T19:05:44.345Z;0;34.1;0.00
2024-10-16T19:05:45.347Z;0;34;0.00
2024-10-16T19:05:46.354Z;0;33.9;0.00
2024-10-16T19:05:47.350Z;0;33.7;0.00
